"scenario_id","task_id","instance_type","assigned","cpu_used","mem_used","cpu_shortfall","mem_shortfall"
1,1,"c5.xlarge",1,4,8,0,0
1,2,"c5.xlarge",1,4,8,0,0
1,4,"c5.xlarge",1,4,8,0,0
1,7,"c5.xlarge",1,4,8,0,0
1,8,"c5.xlarge",1,4,8,0,0
1,9,"c5.xlarge",1,4,8,0,0
1,10,"c5.xlarge",1,4,8,0,0
1,3,"m5.xlarge",1,4,16,0,0
1,5,"m5.xlarge",1,4,16,0,0
1,6,"m5.xlarge",1,4,16,0,0
2,1,"c5.xlarge",1,4,8,0,0
2,2,"c5.xlarge",1,4,8,0,0
2,4,"c5.xlarge",1,4,8,0,0
2,7,"c5.xlarge",1,4,8,0,0
2,8,"c5.xlarge",1,4,8,0,0
2,9,"c5.xlarge",1,4,8,0,0
2,10,"c5.xlarge",1,4,8,0,0
2,3,"m5.xlarge",1,4,16,0,0
2,5,"m5.xlarge",1,4,16,0,0
2,6,"m5.xlarge",1,4,16,0,0
3,1,"c5.xlarge",1,4,8,1.59624375321584,0
3,2,"c5.xlarge",1,4,8,0,0
3,4,"c5.xlarge",1,4,8,1.59624375321584,0
3,7,"c5.xlarge",1,4,8,1.59624375321584,0
3,8,"c5.xlarge",1,4,8,0,0
3,9,"c5.xlarge",1,4,8,0,0
3,10,"c5.xlarge",1,4,8,1.59624375321584,0
3,3,"m5.xlarge",1,4,16,0,3.27072922026409
3,5,"m5.xlarge",1,4,16,1.59624375321584,0
3,6,"m5.xlarge",1,4,16,1.59624375321584,0
4,1,"c5.xlarge",1,4,8,0,0
4,2,"c5.xlarge",1,4,8,0,0
4,4,"c5.xlarge",1,4,8,0,0
4,7,"c5.xlarge",1,4,8,0,0
4,8,"c5.xlarge",1,4,8,0,0
4,9,"c5.xlarge",1,4,8,0,0
4,10,"c5.xlarge",1,4,8,0,0
4,3,"m5.xlarge",1,4,16,0,0
4,5,"m5.xlarge",1,4,16,0,0
4,6,"m5.xlarge",1,4,16,0,0
5,1,"c5.xlarge",1,4,8,0,0
5,2,"c5.xlarge",1,4,8,0,0
5,4,"c5.xlarge",1,4,8,0,0
5,7,"c5.xlarge",1,4,8,0,0
5,8,"c5.xlarge",1,4,8,0,0
5,9,"c5.xlarge",1,4,8,0,0
5,10,"c5.xlarge",1,4,8,0,0
5,3,"m5.xlarge",1,4,16,0,0
5,5,"m5.xlarge",1,4,16,0,0
5,6,"m5.xlarge",1,4,16,0,0
6,1,"c5.xlarge",1,4,8,1.95742465853958,0
6,2,"c5.xlarge",1,4,8,0,0
6,4,"c5.xlarge",1,4,8,1.95742465853958,9.2904109756596
6,7,"c5.xlarge",1,4,8,1.95742465853958,0
6,8,"c5.xlarge",1,4,8,0,0
6,9,"c5.xlarge",1,4,8,0,0
6,10,"c5.xlarge",1,4,8,1.95742465853958,0
6,3,"m5.xlarge",1,4,16,0,0
6,5,"m5.xlarge",1,4,16,1.95742465853958,0
6,6,"m5.xlarge",1,4,16,1.95742465853958,0
7,1,"c5.xlarge",1,4,8,0,0
7,2,"c5.xlarge",1,4,8,0,0
7,4,"c5.xlarge",1,4,8,0,0
7,7,"c5.xlarge",1,4,8,0,0
7,8,"c5.xlarge",1,4,8,0,0
7,9,"c5.xlarge",1,4,8,0,0
7,10,"c5.xlarge",1,4,8,0,0
7,3,"m5.xlarge",1,4,16,0,0
7,5,"m5.xlarge",1,4,16,0,0
7,6,"m5.xlarge",1,4,16,0,0
8,1,"c5.xlarge",1,4,8,0,0
8,2,"c5.xlarge",1,4,8,0,0
8,4,"c5.xlarge",1,4,8,0,0
8,7,"c5.xlarge",1,4,8,0,0
8,8,"c5.xlarge",1,4,8,0,0
8,9,"c5.xlarge",1,4,8,0,0
8,10,"c5.xlarge",1,4,8,0,0
8,3,"m5.xlarge",1,4,16,0,0
8,5,"m5.xlarge",1,4,16,0,0
8,6,"m5.xlarge",1,4,16,0,0
9,1,"c5.xlarge",1,4,8,0,0
9,2,"c5.xlarge",1,4,8,0,0
9,4,"c5.xlarge",1,4,8,0,0
9,7,"c5.xlarge",1,4,8,0,0
9,8,"c5.xlarge",1,4,8,0,0
9,9,"c5.xlarge",1,4,8,0,0
9,10,"c5.xlarge",1,4,8,0,0
9,3,"m5.xlarge",1,4,16,0,0
9,5,"m5.xlarge",1,4,16,0,0
9,6,"m5.xlarge",1,4,16,0,0
10,1,"c5.xlarge",1,4,8,0,0
10,2,"c5.xlarge",1,4,8,0,0
10,4,"c5.xlarge",1,4,8,0,0
10,7,"c5.xlarge",1,4,8,0,0
10,8,"c5.xlarge",1,4,8,0,0
10,9,"c5.xlarge",1,4,8,0,0
10,10,"c5.xlarge",1,4,8,0,0
10,3,"m5.xlarge",1,4,16,0,0
10,5,"m5.xlarge",1,4,16,0,0
10,6,"m5.xlarge",1,4,16,0,0
11,1,"c5.xlarge",1,4,8,0.895150433794182,0
11,2,"c5.xlarge",1,4,8,0,0
11,4,"c5.xlarge",1,4,8,0.895150433794182,0
11,7,"c5.xlarge",1,4,8,0.895150433794182,0
11,8,"c5.xlarge",1,4,8,0,0
11,9,"c5.xlarge",1,4,8,0,0
11,10,"c5.xlarge",1,4,8,0.895150433794182,0
11,3,"m5.xlarge",1,4,16,0,0
11,5,"m5.xlarge",1,4,16,0.895150433794182,0
11,6,"m5.xlarge",1,4,16,0.895150433794182,0
12,1,"c5.xlarge",1,4,8,0,0
12,2,"c5.xlarge",1,4,8,0,0
12,4,"c5.xlarge",1,4,8,0,0
12,7,"c5.xlarge",1,4,8,0,0
12,8,"c5.xlarge",1,4,8,0,0
12,9,"c5.xlarge",1,4,8,0,0
12,10,"c5.xlarge",1,4,8,0,0
12,3,"m5.xlarge",1,4,16,0,0
12,5,"m5.xlarge",1,4,16,0,0
12,6,"m5.xlarge",1,4,16,0,0
13,1,"c5.xlarge",1,4,8,0,0
13,2,"c5.xlarge",1,4,8,0,0
13,4,"c5.xlarge",1,4,8,0,0
13,7,"c5.xlarge",1,4,8,0,0
13,8,"c5.xlarge",1,4,8,0,0
13,9,"c5.xlarge",1,4,8,0,0
13,10,"c5.xlarge",1,4,8,0,0
13,3,"m5.xlarge",1,4,16,0,0
13,5,"m5.xlarge",1,4,16,0,0
13,6,"m5.xlarge",1,4,16,0,0
14,1,"c5.xlarge",1,4,8,0,0
14,2,"c5.xlarge",1,4,8,0,0
14,4,"c5.xlarge",1,4,8,0,0
14,7,"c5.xlarge",1,4,8,0,0
14,8,"c5.xlarge",1,4,8,0,0
14,9,"c5.xlarge",1,4,8,0,0
14,10,"c5.xlarge",1,4,8,0,0
14,3,"m5.xlarge",1,4,16,0,0
14,5,"m5.xlarge",1,4,16,0,0
14,6,"m5.xlarge",1,4,16,0,0
15,1,"c5.xlarge",1,4,8,0,0
15,2,"c5.xlarge",1,4,8,0,0
15,4,"c5.xlarge",1,4,8,0,0
15,7,"c5.xlarge",1,4,8,0,0
15,8,"c5.xlarge",1,4,8,0,0
15,9,"c5.xlarge",1,4,8,0,0
15,10,"c5.xlarge",1,4,8,0,0
15,3,"m5.xlarge",1,4,16,0,0
15,5,"m5.xlarge",1,4,16,0,0
15,6,"m5.xlarge",1,4,16,0,0
16,1,"c5.xlarge",1,4,8,2.13112062621313,0.1748275016175
16,2,"c5.xlarge",1,4,8,0,0
16,4,"c5.xlarge",1,4,8,2.13112062621313,10.4370687540438
16,7,"c5.xlarge",1,4,8,2.13112062621313,0.1748275016175
16,8,"c5.xlarge",1,4,8,0,0.349655003235
16,9,"c5.xlarge",1,4,8,0,0.349655003235
16,10,"c5.xlarge",1,4,8,2.13112062621313,0.1748275016175
16,3,"m5.xlarge",1,4,16,0.08741375080875,0.1748275016175
16,5,"m5.xlarge",1,4,16,2.13112062621313,0.1748275016175
16,6,"m5.xlarge",1,4,16,2.13112062621313,0.1748275016175
17,1,"c5.xlarge",1,4,8,0,0
17,2,"c5.xlarge",1,4,8,0,0
17,4,"c5.xlarge",1,4,8,0,0
17,7,"c5.xlarge",1,4,8,0,0
17,8,"c5.xlarge",1,4,8,0,0
17,9,"c5.xlarge",1,4,8,0,0
17,10,"c5.xlarge",1,4,8,0,0
17,3,"m5.xlarge",1,4,16,0,0
17,5,"m5.xlarge",1,4,16,0,0
17,6,"m5.xlarge",1,4,16,0,0
18,1,"c5.xlarge",1,4,8,0,0
18,2,"c5.xlarge",1,4,8,0,0
18,4,"c5.xlarge",1,4,8,0,0
18,7,"c5.xlarge",1,4,8,0,0
18,8,"c5.xlarge",1,4,8,0,0
18,9,"c5.xlarge",1,4,8,0,0
18,10,"c5.xlarge",1,4,8,0,0
18,3,"m5.xlarge",1,4,16,0,0
18,5,"m5.xlarge",1,4,16,0,0
18,6,"m5.xlarge",1,4,16,0,0
19,1,"c5.xlarge",1,4,8,0,0
19,2,"c5.xlarge",1,4,8,0,0
19,4,"c5.xlarge",1,4,8,0,0
19,7,"c5.xlarge",1,4,8,0,0
19,8,"c5.xlarge",1,4,8,0,0
19,9,"c5.xlarge",1,4,8,0,0
19,10,"c5.xlarge",1,4,8,0,0
19,3,"m5.xlarge",1,4,16,0,0
19,5,"m5.xlarge",1,4,16,0,0
19,6,"m5.xlarge",1,4,16,0,0
20,1,"c5.xlarge",1,4,8,0,0
20,2,"c5.xlarge",1,4,8,0,0
20,4,"c5.xlarge",1,4,8,0,0
20,7,"c5.xlarge",1,4,8,0,0
20,8,"c5.xlarge",1,4,8,0,0
20,9,"c5.xlarge",1,4,8,0,0
20,10,"c5.xlarge",1,4,8,0,0
20,3,"m5.xlarge",1,4,16,0,0
20,5,"m5.xlarge",1,4,16,0,0
20,6,"m5.xlarge",1,4,16,0,0
21,1,"c5.xlarge",1,4,8,0,0
21,2,"c5.xlarge",1,4,8,0,0
21,4,"c5.xlarge",1,4,8,0,0
21,7,"c5.xlarge",1,4,8,0,0
21,8,"c5.xlarge",1,4,8,0,0
21,9,"c5.xlarge",1,4,8,0,0
21,10,"c5.xlarge",1,4,8,0,0
21,3,"m5.xlarge",1,4,16,0,0
21,5,"m5.xlarge",1,4,16,0,0
21,6,"m5.xlarge",1,4,16,0,0
22,1,"c5.xlarge",1,4,8,0,0
22,2,"c5.xlarge",1,4,8,0,0
22,4,"c5.xlarge",1,4,8,0,0
22,7,"c5.xlarge",1,4,8,0,0
22,8,"c5.xlarge",1,4,8,0,0
22,9,"c5.xlarge",1,4,8,0,0
22,10,"c5.xlarge",1,4,8,0,0
22,3,"m5.xlarge",1,4,16,0,0
22,5,"m5.xlarge",1,4,16,0,0
22,6,"m5.xlarge",1,4,16,0,0
23,1,"c5.xlarge",1,4,8,0,0
23,2,"c5.xlarge",1,4,8,0,0
23,4,"c5.xlarge",1,4,8,0,0
23,7,"c5.xlarge",1,4,8,0,0
23,8,"c5.xlarge",1,4,8,0,0
23,9,"c5.xlarge",1,4,8,0,0
23,10,"c5.xlarge",1,4,8,0,0
23,3,"m5.xlarge",1,4,16,0,0
23,5,"m5.xlarge",1,4,16,0,0
23,6,"m5.xlarge",1,4,16,0,0
24,1,"c5.xlarge",1,4,8,0,0
24,2,"c5.xlarge",1,4,8,0,0
24,4,"c5.xlarge",1,4,8,0,0
24,7,"c5.xlarge",1,4,8,0,0
24,8,"c5.xlarge",1,4,8,0,0
24,9,"c5.xlarge",1,4,8,0,0
24,10,"c5.xlarge",1,4,8,0,0
24,3,"m5.xlarge",1,4,16,0,0
24,5,"m5.xlarge",1,4,16,0,0
24,6,"m5.xlarge",1,4,16,0,0
25,1,"c5.xlarge",1,4,8,0,0
25,2,"c5.xlarge",1,4,8,0,0
25,4,"c5.xlarge",1,4,8,0,0
25,7,"c5.xlarge",1,4,8,0,0
25,8,"c5.xlarge",1,4,8,0,0
25,9,"c5.xlarge",1,4,8,0,0
25,10,"c5.xlarge",1,4,8,0,0
25,3,"m5.xlarge",1,4,16,0,0
25,5,"m5.xlarge",1,4,16,0,0
25,6,"m5.xlarge",1,4,16,0,0
26,1,"c5.xlarge",1,4,8,0,0
26,2,"c5.xlarge",1,4,8,0,0
26,4,"c5.xlarge",1,4,8,0,0
26,7,"c5.xlarge",1,4,8,0,0
26,8,"c5.xlarge",1,4,8,0,0
26,9,"c5.xlarge",1,4,8,0,0
26,10,"c5.xlarge",1,4,8,0,0
26,3,"m5.xlarge",1,4,16,0,0
26,5,"m5.xlarge",1,4,16,0,0
26,6,"m5.xlarge",1,4,16,0,0
27,1,"c5.xlarge",1,4,8,0.194302708621799,0
27,2,"c5.xlarge",1,4,8,0,0
27,4,"c5.xlarge",1,4,8,0.194302708621799,0
27,7,"c5.xlarge",1,4,8,0.194302708621799,0
27,8,"c5.xlarge",1,4,8,0,0
27,9,"c5.xlarge",1,4,8,0,0
27,10,"c5.xlarge",1,4,8,0.194302708621799,0
27,3,"m5.xlarge",1,4,16,0,0
27,5,"m5.xlarge",1,4,16,0.194302708621799,0
27,6,"m5.xlarge",1,4,16,0.194302708621799,0
28,1,"c5.xlarge",1,4,8,0,0
28,2,"c5.xlarge",1,4,8,0,0
28,4,"c5.xlarge",1,4,8,0,0
28,7,"c5.xlarge",1,4,8,0,0
28,8,"c5.xlarge",1,4,8,0,0
28,9,"c5.xlarge",1,4,8,0,0
28,10,"c5.xlarge",1,4,8,0,0
28,3,"m5.xlarge",1,4,16,0,0
28,5,"m5.xlarge",1,4,16,0,0
28,6,"m5.xlarge",1,4,16,0,0
29,1,"c5.xlarge",1,4,8,0,0
29,2,"c5.xlarge",1,4,8,0,0
29,4,"c5.xlarge",1,4,8,0,0
29,7,"c5.xlarge",1,4,8,0,0
29,8,"c5.xlarge",1,4,8,0,0
29,9,"c5.xlarge",1,4,8,0,0
29,10,"c5.xlarge",1,4,8,0,0
29,3,"m5.xlarge",1,4,16,0,0
29,5,"m5.xlarge",1,4,16,0,0
29,6,"m5.xlarge",1,4,16,0,0
30,1,"c5.xlarge",1,4,8,0.953717263615753,0
30,2,"c5.xlarge",1,4,8,0,0
30,4,"c5.xlarge",1,4,8,0.953717263615753,0
30,7,"c5.xlarge",1,4,8,0.953717263615753,0
30,8,"c5.xlarge",1,4,8,0,0
30,9,"c5.xlarge",1,4,8,0,0
30,10,"c5.xlarge",1,4,8,0.953717263615753,0
30,3,"m5.xlarge",1,4,16,0,0
30,5,"m5.xlarge",1,4,16,0.953717263615753,0
30,6,"m5.xlarge",1,4,16,0.953717263615753,0
31,1,"c5.xlarge",1,4,8,0,0
31,2,"c5.xlarge",1,4,8,0,0
31,4,"c5.xlarge",1,4,8,0,0
31,7,"c5.xlarge",1,4,8,0,0
31,8,"c5.xlarge",1,4,8,0,0
31,9,"c5.xlarge",1,4,8,0,0
31,10,"c5.xlarge",1,4,8,0,0
31,3,"m5.xlarge",1,4,16,0,0
31,5,"m5.xlarge",1,4,16,0,0
31,6,"m5.xlarge",1,4,16,0,0
32,1,"c5.xlarge",1,4,8,0,0
32,2,"c5.xlarge",1,4,8,0,0
32,4,"c5.xlarge",1,4,8,0,0
32,7,"c5.xlarge",1,4,8,0,0
32,8,"c5.xlarge",1,4,8,0,0
32,9,"c5.xlarge",1,4,8,0,0
32,10,"c5.xlarge",1,4,8,0,0
32,3,"m5.xlarge",1,4,16,0,0
32,5,"m5.xlarge",1,4,16,0,0
32,6,"m5.xlarge",1,4,16,0,0
33,1,"c5.xlarge",1,4,8,0.291612571426603,0
33,2,"c5.xlarge",1,4,8,0,0
33,4,"c5.xlarge",1,4,8,0.291612571426603,0
33,7,"c5.xlarge",1,4,8,0.291612571426603,0
33,8,"c5.xlarge",1,4,8,0,0
33,9,"c5.xlarge",1,4,8,0,0
33,10,"c5.xlarge",1,4,8,0.291612571426603,0
33,3,"m5.xlarge",1,4,16,0,0
33,5,"m5.xlarge",1,4,16,0.291612571426603,0
33,6,"m5.xlarge",1,4,16,0.291612571426603,0
34,1,"c5.xlarge",1,4,8,0.262541947774491,0
34,2,"c5.xlarge",1,4,8,0,0
34,4,"c5.xlarge",1,4,8,0.262541947774491,0
34,7,"c5.xlarge",1,4,8,0.262541947774491,0
34,8,"c5.xlarge",1,4,8,0,0
34,9,"c5.xlarge",1,4,8,0,0
34,10,"c5.xlarge",1,4,8,0.262541947774491,0
34,3,"m5.xlarge",1,4,16,0,0
34,5,"m5.xlarge",1,4,16,0.262541947774491,0
34,6,"m5.xlarge",1,4,16,0.262541947774491,0
35,1,"c5.xlarge",1,4,8,0.167201558009107,0
35,2,"c5.xlarge",1,4,8,0,0
35,4,"c5.xlarge",1,4,8,0.167201558009107,0
35,7,"c5.xlarge",1,4,8,0.167201558009107,0
35,8,"c5.xlarge",1,4,8,0,0
35,9,"c5.xlarge",1,4,8,0,0
35,10,"c5.xlarge",1,4,8,0.167201558009107,0
35,3,"m5.xlarge",1,4,16,0,0
35,5,"m5.xlarge",1,4,16,0.167201558009107,0
35,6,"m5.xlarge",1,4,16,0.167201558009107,0
36,1,"c5.xlarge",1,4,8,0,0
36,2,"c5.xlarge",1,4,8,0,0
36,4,"c5.xlarge",1,4,8,0,0
36,7,"c5.xlarge",1,4,8,0,0
36,8,"c5.xlarge",1,4,8,0,0
36,9,"c5.xlarge",1,4,8,0,0
36,10,"c5.xlarge",1,4,8,0,0
36,3,"m5.xlarge",1,4,16,0,0
36,5,"m5.xlarge",1,4,16,0,0
36,6,"m5.xlarge",1,4,16,0,0
37,1,"c5.xlarge",1,4,8,0,0
37,2,"c5.xlarge",1,4,8,0,0
37,4,"c5.xlarge",1,4,8,0,0
37,7,"c5.xlarge",1,4,8,0,0
37,8,"c5.xlarge",1,4,8,0,0
37,9,"c5.xlarge",1,4,8,0,0
37,10,"c5.xlarge",1,4,8,0,0
37,3,"m5.xlarge",1,4,16,0,0
37,5,"m5.xlarge",1,4,16,0,0
37,6,"m5.xlarge",1,4,16,0,0
38,1,"c5.xlarge",1,4,8,0,0
38,2,"c5.xlarge",1,4,8,0,0
38,4,"c5.xlarge",1,4,8,0,0
38,7,"c5.xlarge",1,4,8,0,0
38,8,"c5.xlarge",1,4,8,0,0
38,9,"c5.xlarge",1,4,8,0,0
38,10,"c5.xlarge",1,4,8,0,0
38,3,"m5.xlarge",1,4,16,0,0
38,5,"m5.xlarge",1,4,16,0,0
38,6,"m5.xlarge",1,4,16,0,0
39,1,"c5.xlarge",1,4,8,0,0
39,2,"c5.xlarge",1,4,8,0,0
39,4,"c5.xlarge",1,4,8,0,0
39,7,"c5.xlarge",1,4,8,0,0
39,8,"c5.xlarge",1,4,8,0,0
39,9,"c5.xlarge",1,4,8,0,0
39,10,"c5.xlarge",1,4,8,0,0
39,3,"m5.xlarge",1,4,16,0,0
39,5,"m5.xlarge",1,4,16,0,0
39,6,"m5.xlarge",1,4,16,0,0
40,1,"c5.xlarge",1,4,8,0,0
40,2,"c5.xlarge",1,4,8,0,0
40,4,"c5.xlarge",1,4,8,0,0
40,7,"c5.xlarge",1,4,8,0,0
40,8,"c5.xlarge",1,4,8,0,0
40,9,"c5.xlarge",1,4,8,0,0
40,10,"c5.xlarge",1,4,8,0,0
40,3,"m5.xlarge",1,4,16,0,0
40,5,"m5.xlarge",1,4,16,0,0
40,6,"m5.xlarge",1,4,16,0,0
41,1,"c5.xlarge",1,4,8,0,0
41,2,"c5.xlarge",1,4,8,0,0
41,4,"c5.xlarge",1,4,8,0,0
41,7,"c5.xlarge",1,4,8,0,0
41,8,"c5.xlarge",1,4,8,0,0
41,9,"c5.xlarge",1,4,8,0,0
41,10,"c5.xlarge",1,4,8,0,0
41,3,"m5.xlarge",1,4,16,0,0
41,5,"m5.xlarge",1,4,16,0,0
41,6,"m5.xlarge",1,4,16,0,0
42,1,"c5.xlarge",1,4,8,0,0
42,2,"c5.xlarge",1,4,8,0,0
42,4,"c5.xlarge",1,4,8,0,0
42,7,"c5.xlarge",1,4,8,0,0
42,8,"c5.xlarge",1,4,8,0,0
42,9,"c5.xlarge",1,4,8,0,0
42,10,"c5.xlarge",1,4,8,0,0
42,3,"m5.xlarge",1,4,16,0,0
42,5,"m5.xlarge",1,4,16,0,0
42,6,"m5.xlarge",1,4,16,0,0
43,1,"c5.xlarge",1,4,8,0,0
43,2,"c5.xlarge",1,4,8,0,0
43,4,"c5.xlarge",1,4,8,0,0
43,7,"c5.xlarge",1,4,8,0,0
43,8,"c5.xlarge",1,4,8,0,0
43,9,"c5.xlarge",1,4,8,0,0
43,10,"c5.xlarge",1,4,8,0,0
43,3,"m5.xlarge",1,4,16,0,0
43,5,"m5.xlarge",1,4,16,0,0
43,6,"m5.xlarge",1,4,16,0,0
44,1,"c5.xlarge",1,4,8,3.14344158412786,1.52458877883715
44,2,"c5.xlarge",1,4,8,0,0
44,4,"c5.xlarge",1,4,8,3.14344158412786,13.8114719470929
44,7,"c5.xlarge",1,4,8,3.14344158412786,1.52458877883715
44,8,"c5.xlarge",1,4,8,0,3.04917755767431
44,9,"c5.xlarge",1,4,8,0,3.04917755767431
44,10,"c5.xlarge",1,4,8,3.14344158412786,1.52458877883715
44,3,"m5.xlarge",1,4,16,0.762294389418576,1.52458877883715
44,5,"m5.xlarge",1,4,16,3.14344158412786,1.52458877883715
44,6,"m5.xlarge",1,4,16,3.14344158412786,1.52458877883715
45,1,"c5.xlarge",1,4,8,0.86368843831774,0
45,2,"c5.xlarge",1,4,8,0,0
45,4,"c5.xlarge",1,4,8,0.86368843831774,0
45,7,"c5.xlarge",1,4,8,0.86368843831774,0
45,8,"c5.xlarge",1,4,8,0,0
45,9,"c5.xlarge",1,4,8,0,0
45,10,"c5.xlarge",1,4,8,0.86368843831774,0
45,3,"m5.xlarge",1,4,16,0,0
45,5,"m5.xlarge",1,4,16,0.86368843831774,0
45,6,"m5.xlarge",1,4,16,0.86368843831774,0
46,1,"c5.xlarge",1,4,8,0,0
46,2,"c5.xlarge",1,4,8,0,0
46,4,"c5.xlarge",1,4,8,0,0
46,7,"c5.xlarge",1,4,8,0,0
46,8,"c5.xlarge",1,4,8,0,0
46,9,"c5.xlarge",1,4,8,0,0
46,10,"c5.xlarge",1,4,8,0,0
46,3,"m5.xlarge",1,4,16,0,0
46,5,"m5.xlarge",1,4,16,0,0
46,6,"m5.xlarge",1,4,16,0,0
47,1,"c5.xlarge",1,4,8,0,0
47,2,"c5.xlarge",1,4,8,0,0
47,4,"c5.xlarge",1,4,8,0,0
47,7,"c5.xlarge",1,4,8,0,0
47,8,"c5.xlarge",1,4,8,0,0
47,9,"c5.xlarge",1,4,8,0,0
47,10,"c5.xlarge",1,4,8,0,0
47,3,"m5.xlarge",1,4,16,0,0
47,5,"m5.xlarge",1,4,16,0,0
47,6,"m5.xlarge",1,4,16,0,0
48,1,"c5.xlarge",1,4,8,0,0
48,2,"c5.xlarge",1,4,8,0,0
48,4,"c5.xlarge",1,4,8,0,0
48,7,"c5.xlarge",1,4,8,0,0
48,8,"c5.xlarge",1,4,8,0,0
48,9,"c5.xlarge",1,4,8,0,0
48,10,"c5.xlarge",1,4,8,0,0
48,3,"m5.xlarge",1,4,16,0,0
48,5,"m5.xlarge",1,4,16,0,0
48,6,"m5.xlarge",1,4,16,0,0
49,1,"c5.xlarge",1,4,8,0.0984068949891279,0
49,2,"c5.xlarge",1,4,8,0,0
49,4,"c5.xlarge",1,4,8,0.0984068949891279,0
49,7,"c5.xlarge",1,4,8,0.0984068949891279,0
49,8,"c5.xlarge",1,4,8,0,0
49,9,"c5.xlarge",1,4,8,0,0
49,10,"c5.xlarge",1,4,8,0.0984068949891279,0
49,3,"m5.xlarge",1,4,16,0,0
49,5,"m5.xlarge",1,4,16,0.0984068949891279,0
49,6,"m5.xlarge",1,4,16,0.0984068949891279,0
50,1,"c5.xlarge",1,4,8,0,0
50,2,"c5.xlarge",1,4,8,0,0
50,4,"c5.xlarge",1,4,8,0,0
50,7,"c5.xlarge",1,4,8,0,0
50,8,"c5.xlarge",1,4,8,0,0
50,9,"c5.xlarge",1,4,8,0,0
50,10,"c5.xlarge",1,4,8,0,0
50,3,"m5.xlarge",1,4,16,0,0
50,5,"m5.xlarge",1,4,16,0,0
50,6,"m5.xlarge",1,4,16,0,0
51,1,"c5.xlarge",1,4,8,0,0
51,2,"c5.xlarge",1,4,8,0,0
51,4,"c5.xlarge",1,4,8,0,0
51,7,"c5.xlarge",1,4,8,0,0
51,8,"c5.xlarge",1,4,8,0,0
51,9,"c5.xlarge",1,4,8,0,0
51,10,"c5.xlarge",1,4,8,0,0
51,3,"m5.xlarge",1,4,16,0,0
51,5,"m5.xlarge",1,4,16,0,0
51,6,"m5.xlarge",1,4,16,0,0
52,1,"c5.xlarge",1,4,8,0,0
52,2,"c5.xlarge",1,4,8,0,0
52,4,"c5.xlarge",1,4,8,0,0
52,7,"c5.xlarge",1,4,8,0,0
52,8,"c5.xlarge",1,4,8,0,0
52,9,"c5.xlarge",1,4,8,0,0
52,10,"c5.xlarge",1,4,8,0,0
52,3,"m5.xlarge",1,4,16,0,0
52,5,"m5.xlarge",1,4,16,0,0
52,6,"m5.xlarge",1,4,16,0,0
53,1,"c5.xlarge",1,4,8,0,0
53,2,"c5.xlarge",1,4,8,0,0
53,4,"c5.xlarge",1,4,8,0,0
53,7,"c5.xlarge",1,4,8,0,0
53,8,"c5.xlarge",1,4,8,0,0
53,9,"c5.xlarge",1,4,8,0,0
53,10,"c5.xlarge",1,4,8,0,0
53,3,"m5.xlarge",1,4,16,0,0
53,5,"m5.xlarge",1,4,16,0,0
53,6,"m5.xlarge",1,4,16,0,0
54,1,"c5.xlarge",1,4,8,1.18646943285145,0
54,2,"c5.xlarge",1,4,8,0,0
54,4,"c5.xlarge",1,4,8,1.18646943285145,0
54,7,"c5.xlarge",1,4,8,1.18646943285145,0
54,8,"c5.xlarge",1,4,8,0,0
54,9,"c5.xlarge",1,4,8,0,0
54,10,"c5.xlarge",1,4,8,1.18646943285145,0
54,3,"m5.xlarge",1,4,16,0,0
54,5,"m5.xlarge",1,4,16,1.18646943285145,0
54,6,"m5.xlarge",1,4,16,1.18646943285145,0
55,1,"c5.xlarge",1,4,8,0,0
55,2,"c5.xlarge",1,4,8,0,0
55,4,"c5.xlarge",1,4,8,0,0
55,7,"c5.xlarge",1,4,8,0,0
55,8,"c5.xlarge",1,4,8,0,0
55,9,"c5.xlarge",1,4,8,0,0
55,10,"c5.xlarge",1,4,8,0,0
55,3,"m5.xlarge",1,4,16,0,0
55,5,"m5.xlarge",1,4,16,0,0
55,6,"m5.xlarge",1,4,16,0,0
56,1,"c5.xlarge",1,4,8,1.50248897311906,0
56,2,"c5.xlarge",1,4,8,0,0
56,4,"c5.xlarge",1,4,8,1.50248897311906,0
56,7,"c5.xlarge",1,4,8,1.50248897311906,0
56,8,"c5.xlarge",1,4,8,0,0
56,9,"c5.xlarge",1,4,8,0,0
56,10,"c5.xlarge",1,4,8,1.50248897311906,0
56,3,"m5.xlarge",1,4,16,0,1.70814955198425
56,5,"m5.xlarge",1,4,16,1.50248897311906,0
56,6,"m5.xlarge",1,4,16,1.50248897311906,0
57,1,"c5.xlarge",1,4,8,0,0
57,2,"c5.xlarge",1,4,8,0,0
57,4,"c5.xlarge",1,4,8,0,0
57,7,"c5.xlarge",1,4,8,0,0
57,8,"c5.xlarge",1,4,8,0,0
57,9,"c5.xlarge",1,4,8,0,0
57,10,"c5.xlarge",1,4,8,0,0
57,3,"m5.xlarge",1,4,16,0,0
57,5,"m5.xlarge",1,4,16,0,0
57,6,"m5.xlarge",1,4,16,0,0
58,1,"c5.xlarge",1,4,8,0,0
58,2,"c5.xlarge",1,4,8,0,0
58,4,"c5.xlarge",1,4,8,0,0
58,7,"c5.xlarge",1,4,8,0,0
58,8,"c5.xlarge",1,4,8,0,0
58,9,"c5.xlarge",1,4,8,0,0
58,10,"c5.xlarge",1,4,8,0,0
58,3,"m5.xlarge",1,4,16,0,0
58,5,"m5.xlarge",1,4,16,0,0
58,6,"m5.xlarge",1,4,16,0,0
59,1,"c5.xlarge",1,4,8,0,0
59,2,"c5.xlarge",1,4,8,0,0
59,4,"c5.xlarge",1,4,8,0,0
59,7,"c5.xlarge",1,4,8,0,0
59,8,"c5.xlarge",1,4,8,0,0
59,9,"c5.xlarge",1,4,8,0,0
59,10,"c5.xlarge",1,4,8,0,0
59,3,"m5.xlarge",1,4,16,0,0
59,5,"m5.xlarge",1,4,16,0,0
59,6,"m5.xlarge",1,4,16,0,0
60,1,"c5.xlarge",1,4,8,0,0
60,2,"c5.xlarge",1,4,8,0,0
60,4,"c5.xlarge",1,4,8,0,0
60,7,"c5.xlarge",1,4,8,0,0
60,8,"c5.xlarge",1,4,8,0,0
60,9,"c5.xlarge",1,4,8,0,0
60,10,"c5.xlarge",1,4,8,0,0
60,3,"m5.xlarge",1,4,16,0,0
60,5,"m5.xlarge",1,4,16,0,0
60,6,"m5.xlarge",1,4,16,0,0
61,1,"c5.xlarge",1,4,8,0,0
61,2,"c5.xlarge",1,4,8,0,0
61,4,"c5.xlarge",1,4,8,0,0
61,7,"c5.xlarge",1,4,8,0,0
61,8,"c5.xlarge",1,4,8,0,0
61,9,"c5.xlarge",1,4,8,0,0
61,10,"c5.xlarge",1,4,8,0,0
61,3,"m5.xlarge",1,4,16,0,0
61,5,"m5.xlarge",1,4,16,0,0
61,6,"m5.xlarge",1,4,16,0,0
62,1,"c5.xlarge",1,4,8,0,0
62,2,"c5.xlarge",1,4,8,0,0
62,4,"c5.xlarge",1,4,8,0,0
62,7,"c5.xlarge",1,4,8,0,0
62,8,"c5.xlarge",1,4,8,0,0
62,9,"c5.xlarge",1,4,8,0,0
62,10,"c5.xlarge",1,4,8,0,0
62,3,"m5.xlarge",1,4,16,0,0
62,5,"m5.xlarge",1,4,16,0,0
62,6,"m5.xlarge",1,4,16,0,0
63,1,"c5.xlarge",1,4,8,0,0
63,2,"c5.xlarge",1,4,8,0,0
63,4,"c5.xlarge",1,4,8,0,0
63,7,"c5.xlarge",1,4,8,0,0
63,8,"c5.xlarge",1,4,8,0,0
63,9,"c5.xlarge",1,4,8,0,0
63,10,"c5.xlarge",1,4,8,0,0
63,3,"m5.xlarge",1,4,16,0,0
63,5,"m5.xlarge",1,4,16,0,0
63,6,"m5.xlarge",1,4,16,0,0
64,1,"c5.xlarge",1,4,8,0,0
64,2,"c5.xlarge",1,4,8,0,0
64,4,"c5.xlarge",1,4,8,0,0
64,7,"c5.xlarge",1,4,8,0,0
64,8,"c5.xlarge",1,4,8,0,0
64,9,"c5.xlarge",1,4,8,0,0
64,10,"c5.xlarge",1,4,8,0,0
64,3,"m5.xlarge",1,4,16,0,0
64,5,"m5.xlarge",1,4,16,0,0
64,6,"m5.xlarge",1,4,16,0,0
65,1,"c5.xlarge",1,4,8,0,0
65,2,"c5.xlarge",1,4,8,0,0
65,4,"c5.xlarge",1,4,8,0,0
65,7,"c5.xlarge",1,4,8,0,0
65,8,"c5.xlarge",1,4,8,0,0
65,9,"c5.xlarge",1,4,8,0,0
65,10,"c5.xlarge",1,4,8,0,0
65,3,"m5.xlarge",1,4,16,0,0
65,5,"m5.xlarge",1,4,16,0,0
65,6,"m5.xlarge",1,4,16,0,0
66,1,"c5.xlarge",1,4,8,0,0
66,2,"c5.xlarge",1,4,8,0,0
66,4,"c5.xlarge",1,4,8,0,0
66,7,"c5.xlarge",1,4,8,0,0
66,8,"c5.xlarge",1,4,8,0,0
66,9,"c5.xlarge",1,4,8,0,0
66,10,"c5.xlarge",1,4,8,0,0
66,3,"m5.xlarge",1,4,16,0,0
66,5,"m5.xlarge",1,4,16,0,0
66,6,"m5.xlarge",1,4,16,0,0
67,1,"c5.xlarge",1,4,8,0,0
67,2,"c5.xlarge",1,4,8,0,0
67,4,"c5.xlarge",1,4,8,0,0
67,7,"c5.xlarge",1,4,8,0,0
67,8,"c5.xlarge",1,4,8,0,0
67,9,"c5.xlarge",1,4,8,0,0
67,10,"c5.xlarge",1,4,8,0,0
67,3,"m5.xlarge",1,4,16,0,0
67,5,"m5.xlarge",1,4,16,0,0
67,6,"m5.xlarge",1,4,16,0,0
68,1,"c5.xlarge",1,4,8,0,0
68,2,"c5.xlarge",1,4,8,0,0
68,4,"c5.xlarge",1,4,8,0,0
68,7,"c5.xlarge",1,4,8,0,0
68,8,"c5.xlarge",1,4,8,0,0
68,9,"c5.xlarge",1,4,8,0,0
68,10,"c5.xlarge",1,4,8,0,0
68,3,"m5.xlarge",1,4,16,0,0
68,5,"m5.xlarge",1,4,16,0,0
68,6,"m5.xlarge",1,4,16,0,0
69,1,"c5.xlarge",1,4,8,0.338459259804644,0
69,2,"c5.xlarge",1,4,8,0,0
69,4,"c5.xlarge",1,4,8,0.338459259804644,0
69,7,"c5.xlarge",1,4,8,0.338459259804644,0
69,8,"c5.xlarge",1,4,8,0,0
69,9,"c5.xlarge",1,4,8,0,0
69,10,"c5.xlarge",1,4,8,0.338459259804644,0
69,3,"m5.xlarge",1,4,16,0,0
69,5,"m5.xlarge",1,4,16,0.338459259804644,0
69,6,"m5.xlarge",1,4,16,0.338459259804644,0
70,1,"c5.xlarge",1,4,8,2.81173025094845,11.6234605018969
70,2,"c5.xlarge",1,4,8,0,0
70,4,"c5.xlarge",1,4,8,2.81173025094845,2.16461400252919
70,7,"c5.xlarge",1,4,8,2.81173025094845,1.0823070012646
70,8,"c5.xlarge",1,4,8,0,2.16461400252919
70,9,"c5.xlarge",1,4,8,0,2.16461400252919
70,10,"c5.xlarge",1,4,8,2.81173025094845,1.0823070012646
70,3,"m5.xlarge",1,4,16,0.541153500632298,1.0823070012646
70,5,"m5.xlarge",1,4,16,2.81173025094845,1.0823070012646
70,6,"m5.xlarge",1,4,16,2.81173025094845,1.0823070012646
71,1,"c5.xlarge",1,4,8,0,0
71,2,"c5.xlarge",1,4,8,0,0
71,4,"c5.xlarge",1,4,8,0,0
71,7,"c5.xlarge",1,4,8,0,0
71,8,"c5.xlarge",1,4,8,0,0
71,9,"c5.xlarge",1,4,8,0,0
71,10,"c5.xlarge",1,4,8,0,0
71,3,"m5.xlarge",1,4,16,0,0
71,5,"m5.xlarge",1,4,16,0,0
71,6,"m5.xlarge",1,4,16,0,0
72,1,"c5.xlarge",1,4,8,0,0
72,2,"c5.xlarge",1,4,8,0,0
72,4,"c5.xlarge",1,4,8,0,0
72,7,"c5.xlarge",1,4,8,0,0
72,8,"c5.xlarge",1,4,8,0,0
72,9,"c5.xlarge",1,4,8,0,0
72,10,"c5.xlarge",1,4,8,0,0
72,3,"m5.xlarge",1,4,16,0,0
72,5,"m5.xlarge",1,4,16,0,0
72,6,"m5.xlarge",1,4,16,0,0
73,1,"c5.xlarge",1,4,8,0.485758939401584,0
73,2,"c5.xlarge",1,4,8,0,0
73,4,"c5.xlarge",1,4,8,0.485758939401584,0
73,7,"c5.xlarge",1,4,8,0.485758939401584,0
73,8,"c5.xlarge",1,4,8,0,0
73,9,"c5.xlarge",1,4,8,0,0
73,10,"c5.xlarge",1,4,8,0.485758939401584,0
73,3,"m5.xlarge",1,4,16,0,0
73,5,"m5.xlarge",1,4,16,0.485758939401584,0
73,6,"m5.xlarge",1,4,16,0.485758939401584,0
74,1,"c5.xlarge",1,4,8,0,0
74,2,"c5.xlarge",1,4,8,0,0
74,4,"c5.xlarge",1,4,8,0,0
74,7,"c5.xlarge",1,4,8,0,0
74,8,"c5.xlarge",1,4,8,0,0
74,9,"c5.xlarge",1,4,8,0,0
74,10,"c5.xlarge",1,4,8,0,0
74,3,"m5.xlarge",1,4,16,0,0
74,5,"m5.xlarge",1,4,16,0,0
74,6,"m5.xlarge",1,4,16,0,0
75,1,"c5.xlarge",1,4,8,0,0
75,2,"c5.xlarge",1,4,8,0,0
75,4,"c5.xlarge",1,4,8,0,0
75,7,"c5.xlarge",1,4,8,0,0
75,8,"c5.xlarge",1,4,8,0,0
75,9,"c5.xlarge",1,4,8,0,0
75,10,"c5.xlarge",1,4,8,0,0
75,3,"m5.xlarge",1,4,16,0,0
75,5,"m5.xlarge",1,4,16,0,0
75,6,"m5.xlarge",1,4,16,0,0
76,1,"c5.xlarge",1,4,8,0.521486613433568,0
76,2,"c5.xlarge",1,4,8,0,0
76,4,"c5.xlarge",1,4,8,0.521486613433568,0
76,7,"c5.xlarge",1,4,8,0.521486613433568,0
76,8,"c5.xlarge",1,4,8,0,0
76,9,"c5.xlarge",1,4,8,0,0
76,10,"c5.xlarge",1,4,8,0.521486613433568,0
76,3,"m5.xlarge",1,4,16,0,0
76,5,"m5.xlarge",1,4,16,0.521486613433568,0
76,6,"m5.xlarge",1,4,16,0.521486613433568,0
77,1,"c5.xlarge",1,4,8,0,0
77,2,"c5.xlarge",1,4,8,0,0
77,4,"c5.xlarge",1,4,8,0,0
77,7,"c5.xlarge",1,4,8,0,0
77,8,"c5.xlarge",1,4,8,0,0
77,9,"c5.xlarge",1,4,8,0,0
77,10,"c5.xlarge",1,4,8,0,0
77,3,"m5.xlarge",1,4,16,0,0
77,5,"m5.xlarge",1,4,16,0,0
77,6,"m5.xlarge",1,4,16,0,0
78,1,"c5.xlarge",1,4,8,0,0
78,2,"c5.xlarge",1,4,8,0,0
78,4,"c5.xlarge",1,4,8,0,0
78,7,"c5.xlarge",1,4,8,0,0
78,8,"c5.xlarge",1,4,8,0,0
78,9,"c5.xlarge",1,4,8,0,0
78,10,"c5.xlarge",1,4,8,0,0
78,3,"m5.xlarge",1,4,16,0,0
78,5,"m5.xlarge",1,4,16,0,0
78,6,"m5.xlarge",1,4,16,0,0
79,1,"c5.xlarge",1,4,8,0,0
79,2,"c5.xlarge",1,4,8,0,0
79,4,"c5.xlarge",1,4,8,0,0
79,7,"c5.xlarge",1,4,8,0,0
79,8,"c5.xlarge",1,4,8,0,0
79,9,"c5.xlarge",1,4,8,0,0
79,10,"c5.xlarge",1,4,8,0,0
79,3,"m5.xlarge",1,4,16,0,0
79,5,"m5.xlarge",1,4,16,0,0
79,6,"m5.xlarge",1,4,16,0,0
80,1,"c5.xlarge",1,4,8,0,0
80,2,"c5.xlarge",1,4,8,0,0
80,4,"c5.xlarge",1,4,8,0,0
80,7,"c5.xlarge",1,4,8,0,0
80,8,"c5.xlarge",1,4,8,0,0
80,9,"c5.xlarge",1,4,8,0,0
80,10,"c5.xlarge",1,4,8,0,0
80,3,"m5.xlarge",1,4,16,0,0
80,5,"m5.xlarge",1,4,16,0,0
80,6,"m5.xlarge",1,4,16,0,0
81,1,"c5.xlarge",1,4,8,0,0
81,2,"c5.xlarge",1,4,8,0,0
81,4,"c5.xlarge",1,4,8,0,0
81,7,"c5.xlarge",1,4,8,0,0
81,8,"c5.xlarge",1,4,8,0,0
81,9,"c5.xlarge",1,4,8,0,0
81,10,"c5.xlarge",1,4,8,0,0
81,3,"m5.xlarge",1,4,16,0,0
81,5,"m5.xlarge",1,4,16,0,0
81,6,"m5.xlarge",1,4,16,0,0
82,1,"c5.xlarge",1,4,8,0,0
82,2,"c5.xlarge",1,4,8,0,0
82,4,"c5.xlarge",1,4,8,0,0
82,7,"c5.xlarge",1,4,8,0,0
82,8,"c5.xlarge",1,4,8,0,0
82,9,"c5.xlarge",1,4,8,0,0
82,10,"c5.xlarge",1,4,8,0,0
82,3,"m5.xlarge",1,4,16,0,0
82,5,"m5.xlarge",1,4,16,0,0
82,6,"m5.xlarge",1,4,16,0,0
83,1,"c5.xlarge",1,4,8,0,0
83,2,"c5.xlarge",1,4,8,0,0
83,4,"c5.xlarge",1,4,8,0,0
83,7,"c5.xlarge",1,4,8,0,0
83,8,"c5.xlarge",1,4,8,0,0
83,9,"c5.xlarge",1,4,8,0,0
83,10,"c5.xlarge",1,4,8,0,0
83,3,"m5.xlarge",1,4,16,0,0
83,5,"m5.xlarge",1,4,16,0,0
83,6,"m5.xlarge",1,4,16,0,0
84,1,"c5.xlarge",1,4,8,0,0
84,2,"c5.xlarge",1,4,8,0,0
84,4,"c5.xlarge",1,4,8,0,0
84,7,"c5.xlarge",1,4,8,0,0
84,8,"c5.xlarge",1,4,8,0,0
84,9,"c5.xlarge",1,4,8,0,0
84,10,"c5.xlarge",1,4,8,0,0
84,3,"m5.xlarge",1,4,16,0,0
84,5,"m5.xlarge",1,4,16,0,0
84,6,"m5.xlarge",1,4,16,0,0
85,1,"c5.xlarge",1,4,8,0,0
85,2,"c5.xlarge",1,4,8,0,0
85,4,"c5.xlarge",1,4,8,0,0
85,7,"c5.xlarge",1,4,8,0,0
85,8,"c5.xlarge",1,4,8,0,0
85,9,"c5.xlarge",1,4,8,0,0
85,10,"c5.xlarge",1,4,8,0,0
85,3,"m5.xlarge",1,4,16,0,0
85,5,"m5.xlarge",1,4,16,0,0
85,6,"m5.xlarge",1,4,16,0,0
86,1,"c5.xlarge",1,4,8,0,0
86,2,"c5.xlarge",1,4,8,0,0
86,4,"c5.xlarge",1,4,8,0,0
86,7,"c5.xlarge",1,4,8,0,0
86,8,"c5.xlarge",1,4,8,0,0
86,9,"c5.xlarge",1,4,8,0,0
86,10,"c5.xlarge",1,4,8,0,0
86,3,"m5.xlarge",1,4,16,0,0
86,5,"m5.xlarge",1,4,16,0,0
86,6,"m5.xlarge",1,4,16,0,0
87,1,"c5.xlarge",1,4,8,0.652235672900154,0
87,2,"c5.xlarge",1,4,8,0,0
87,4,"c5.xlarge",1,4,8,0.652235672900154,0
87,7,"c5.xlarge",1,4,8,0.652235672900154,0
87,8,"c5.xlarge",1,4,8,0,0
87,9,"c5.xlarge",1,4,8,0,0
87,10,"c5.xlarge",1,4,8,0.652235672900154,0
87,3,"m5.xlarge",1,4,16,0,0
87,5,"m5.xlarge",1,4,16,0.652235672900154,0
87,6,"m5.xlarge",1,4,16,0.652235672900154,0
88,1,"c5.xlarge",1,4,8,0,0
88,2,"c5.xlarge",1,4,8,0,0
88,4,"c5.xlarge",1,4,8,0,0
88,7,"c5.xlarge",1,4,8,0,0
88,8,"c5.xlarge",1,4,8,0,0
88,9,"c5.xlarge",1,4,8,0,0
88,10,"c5.xlarge",1,4,8,0,0
88,3,"m5.xlarge",1,4,16,0,0
88,5,"m5.xlarge",1,4,16,0,0
88,6,"m5.xlarge",1,4,16,0,0
89,1,"c5.xlarge",1,4,8,0,0
89,2,"c5.xlarge",1,4,8,0,0
89,4,"c5.xlarge",1,4,8,0,0
89,7,"c5.xlarge",1,4,8,0,0
89,8,"c5.xlarge",1,4,8,0,0
89,9,"c5.xlarge",1,4,8,0,0
89,10,"c5.xlarge",1,4,8,0,0
89,3,"m5.xlarge",1,4,16,0,0
89,5,"m5.xlarge",1,4,16,0,0
89,6,"m5.xlarge",1,4,16,0,0
90,1,"c5.xlarge",1,4,8,0.749955910714107,0
90,2,"c5.xlarge",1,4,8,0,0
90,4,"c5.xlarge",1,4,8,0.749955910714107,0
90,7,"c5.xlarge",1,4,8,0.749955910714107,0
90,8,"c5.xlarge",1,4,8,0,0
90,9,"c5.xlarge",1,4,8,0,0
90,10,"c5.xlarge",1,4,8,0.749955910714107,0
90,3,"m5.xlarge",1,4,16,0,0
90,5,"m5.xlarge",1,4,16,0.749955910714107,0
90,6,"m5.xlarge",1,4,16,0.749955910714107,0
91,1,"c5.xlarge",1,4,8,0.463859859267505,0
91,2,"c5.xlarge",1,4,8,0,0
91,4,"c5.xlarge",1,4,8,0.463859859267505,0
91,7,"c5.xlarge",1,4,8,0.463859859267505,0
91,8,"c5.xlarge",1,4,8,0,0
91,9,"c5.xlarge",1,4,8,0,0
91,10,"c5.xlarge",1,4,8,0.463859859267505,0
91,3,"m5.xlarge",1,4,16,0,0
91,5,"m5.xlarge",1,4,16,0.463859859267505,0
91,6,"m5.xlarge",1,4,16,0.463859859267505,0
92,1,"c5.xlarge",1,4,8,0,0
92,2,"c5.xlarge",1,4,8,0,0
92,4,"c5.xlarge",1,4,8,0,0
92,7,"c5.xlarge",1,4,8,0,0
92,8,"c5.xlarge",1,4,8,0,0
92,9,"c5.xlarge",1,4,8,0,0
92,10,"c5.xlarge",1,4,8,0,0
92,3,"m5.xlarge",1,4,16,0,0
92,5,"m5.xlarge",1,4,16,0,0
92,6,"m5.xlarge",1,4,16,0,0
93,1,"c5.xlarge",1,4,8,0,0
93,2,"c5.xlarge",1,4,8,0,0
93,4,"c5.xlarge",1,4,8,0,0
93,7,"c5.xlarge",1,4,8,0,0
93,8,"c5.xlarge",1,4,8,0,0
93,9,"c5.xlarge",1,4,8,0,0
93,10,"c5.xlarge",1,4,8,0,0
93,3,"m5.xlarge",1,4,16,0,0
93,5,"m5.xlarge",1,4,16,0,0
93,6,"m5.xlarge",1,4,16,0,0
94,1,"c5.xlarge",1,4,8,0,0
94,2,"c5.xlarge",1,4,8,0,0
94,4,"c5.xlarge",1,4,8,0,0
94,7,"c5.xlarge",1,4,8,0,0
94,8,"c5.xlarge",1,4,8,0,0
94,9,"c5.xlarge",1,4,8,0,0
94,10,"c5.xlarge",1,4,8,0,0
94,3,"m5.xlarge",1,4,16,0,0
94,5,"m5.xlarge",1,4,16,0,0
94,6,"m5.xlarge",1,4,16,0,0
95,1,"c5.xlarge",1,4,8,1.17000299632491,0
95,2,"c5.xlarge",1,4,8,0,0
95,4,"c5.xlarge",1,4,8,1.17000299632491,0
95,7,"c5.xlarge",1,4,8,1.17000299632491,0
95,8,"c5.xlarge",1,4,8,0,0
95,9,"c5.xlarge",1,4,8,0,0
95,10,"c5.xlarge",1,4,8,1.17000299632491,0
95,3,"m5.xlarge",1,4,16,0,0
95,5,"m5.xlarge",1,4,16,1.17000299632491,0
95,6,"m5.xlarge",1,4,16,1.17000299632491,0
96,1,"c5.xlarge",1,4,8,0,0
96,2,"c5.xlarge",1,4,8,0,0
96,4,"c5.xlarge",1,4,8,0,0
96,7,"c5.xlarge",1,4,8,0,0
96,8,"c5.xlarge",1,4,8,0,0
96,9,"c5.xlarge",1,4,8,0,0
96,10,"c5.xlarge",1,4,8,0,0
96,3,"m5.xlarge",1,4,16,0,0
96,5,"m5.xlarge",1,4,16,0,0
96,6,"m5.xlarge",1,4,16,0,0
97,1,"c5.xlarge",1,4,8,3.19614514324707,12.3922902864941
97,2,"c5.xlarge",1,4,8,0,0
97,4,"c5.xlarge",1,4,8,3.19614514324707,3.18972038199218
97,7,"c5.xlarge",1,4,8,3.19614514324707,1.59486019099609
97,8,"c5.xlarge",1,4,8,0,3.18972038199218
97,9,"c5.xlarge",1,4,8,0,3.18972038199218
97,10,"c5.xlarge",1,4,8,3.19614514324707,1.59486019099609
97,3,"m5.xlarge",1,4,16,0.797430095498046,1.59486019099609
97,5,"m5.xlarge",1,4,16,3.19614514324707,1.59486019099609
97,6,"m5.xlarge",1,4,16,3.19614514324707,1.59486019099609
98,1,"c5.xlarge",1,4,8,1.53812800899015,0
98,2,"c5.xlarge",1,4,8,0,2.30213348316923
98,4,"c5.xlarge",1,4,8,1.53812800899015,0
98,7,"c5.xlarge",1,4,8,1.53812800899015,0
98,8,"c5.xlarge",1,4,8,0,0
98,9,"c5.xlarge",1,4,8,0,0
98,10,"c5.xlarge",1,4,8,1.53812800899015,0
98,3,"m5.xlarge",1,4,16,0,0
98,5,"m5.xlarge",1,4,16,1.53812800899015,0
98,6,"m5.xlarge",1,4,16,1.53812800899015,0
99,1,"c5.xlarge",1,4,8,0,0
99,2,"c5.xlarge",1,4,8,0,0
99,4,"c5.xlarge",1,4,8,0,0
99,7,"c5.xlarge",1,4,8,0,0
99,8,"c5.xlarge",1,4,8,0,0
99,9,"c5.xlarge",1,4,8,0,0
99,10,"c5.xlarge",1,4,8,0,0
99,3,"m5.xlarge",1,4,16,0,0
99,5,"m5.xlarge",1,4,16,0,0
99,6,"m5.xlarge",1,4,16,0,0
100,1,"c5.xlarge",1,4,8,0,0
100,2,"c5.xlarge",1,4,8,0,0
100,4,"c5.xlarge",1,4,8,0,0
100,7,"c5.xlarge",1,4,8,0,0
100,8,"c5.xlarge",1,4,8,0,0
100,9,"c5.xlarge",1,4,8,0,0
100,10,"c5.xlarge",1,4,8,0,0
100,3,"m5.xlarge",1,4,16,0,0
100,5,"m5.xlarge",1,4,16,0,0
100,6,"m5.xlarge",1,4,16,0,0
101,1,"c5.xlarge",1,4,8,0,0
101,2,"c5.xlarge",1,4,8,0,0
101,4,"c5.xlarge",1,4,8,0,0
101,7,"c5.xlarge",1,4,8,0,0
101,8,"c5.xlarge",1,4,8,0,0
101,9,"c5.xlarge",1,4,8,0,0
101,10,"c5.xlarge",1,4,8,0,0
101,3,"m5.xlarge",1,4,16,0,0
101,5,"m5.xlarge",1,4,16,0,0
101,6,"m5.xlarge",1,4,16,0,0
102,1,"c5.xlarge",1,4,8,0,0
102,2,"c5.xlarge",1,4,8,0,0
102,4,"c5.xlarge",1,4,8,0,0
102,7,"c5.xlarge",1,4,8,0,0
102,8,"c5.xlarge",1,4,8,0,0
102,9,"c5.xlarge",1,4,8,0,0
102,10,"c5.xlarge",1,4,8,0,0
102,3,"m5.xlarge",1,4,16,0,0
102,5,"m5.xlarge",1,4,16,0,0
102,6,"m5.xlarge",1,4,16,0,0
103,1,"c5.xlarge",1,4,8,0,0
103,2,"c5.xlarge",1,4,8,0,0
103,4,"c5.xlarge",1,4,8,0,0
103,7,"c5.xlarge",1,4,8,0,0
103,8,"c5.xlarge",1,4,8,0,0
103,9,"c5.xlarge",1,4,8,0,0
103,10,"c5.xlarge",1,4,8,0,0
103,3,"m5.xlarge",1,4,16,0,0
103,5,"m5.xlarge",1,4,16,0,0
103,6,"m5.xlarge",1,4,16,0,0
104,1,"c5.xlarge",1,4,8,0,0
104,2,"c5.xlarge",1,4,8,0,0
104,4,"c5.xlarge",1,4,8,0,0
104,7,"c5.xlarge",1,4,8,0,0
104,8,"c5.xlarge",1,4,8,0,0
104,9,"c5.xlarge",1,4,8,0,0
104,10,"c5.xlarge",1,4,8,0,0
104,3,"m5.xlarge",1,4,16,0,0
104,5,"m5.xlarge",1,4,16,0,0
104,6,"m5.xlarge",1,4,16,0,0
105,1,"c5.xlarge",1,4,8,0,0
105,2,"c5.xlarge",1,4,8,0,0
105,4,"c5.xlarge",1,4,8,0,0
105,7,"c5.xlarge",1,4,8,0,0
105,8,"c5.xlarge",1,4,8,0,0
105,9,"c5.xlarge",1,4,8,0,0
105,10,"c5.xlarge",1,4,8,0,0
105,3,"m5.xlarge",1,4,16,0,0
105,5,"m5.xlarge",1,4,16,0,0
105,6,"m5.xlarge",1,4,16,0,0
106,1,"c5.xlarge",1,4,8,0,0
106,2,"c5.xlarge",1,4,8,0,0
106,4,"c5.xlarge",1,4,8,0,0
106,7,"c5.xlarge",1,4,8,0,0
106,8,"c5.xlarge",1,4,8,0,0
106,9,"c5.xlarge",1,4,8,0,0
106,10,"c5.xlarge",1,4,8,0,0
106,3,"m5.xlarge",1,4,16,0,0
106,5,"m5.xlarge",1,4,16,0,0
106,6,"m5.xlarge",1,4,16,0,0
107,1,"c5.xlarge",1,4,8,0,0
107,2,"c5.xlarge",1,4,8,0,0
107,4,"c5.xlarge",1,4,8,0,0
107,7,"c5.xlarge",1,4,8,0,0
107,8,"c5.xlarge",1,4,8,0,0
107,9,"c5.xlarge",1,4,8,0,0
107,10,"c5.xlarge",1,4,8,0,0
107,3,"m5.xlarge",1,4,16,0,0
107,5,"m5.xlarge",1,4,16,0,0
107,6,"m5.xlarge",1,4,16,0,0
108,1,"c5.xlarge",1,4,8,0,0
108,2,"c5.xlarge",1,4,8,0,0
108,4,"c5.xlarge",1,4,8,0,0
108,7,"c5.xlarge",1,4,8,0,0
108,8,"c5.xlarge",1,4,8,0,0
108,9,"c5.xlarge",1,4,8,0,0
108,10,"c5.xlarge",1,4,8,0,0
108,3,"m5.xlarge",1,4,16,0,0
108,5,"m5.xlarge",1,4,16,0,0
108,6,"m5.xlarge",1,4,16,0,0
109,1,"c5.xlarge",1,4,8,0,0
109,2,"c5.xlarge",1,4,8,0,0
109,4,"c5.xlarge",1,4,8,0,0
109,7,"c5.xlarge",1,4,8,0,0
109,8,"c5.xlarge",1,4,8,0,0
109,9,"c5.xlarge",1,4,8,0,0
109,10,"c5.xlarge",1,4,8,0,0
109,3,"m5.xlarge",1,4,16,0,0
109,5,"m5.xlarge",1,4,16,0,0
109,6,"m5.xlarge",1,4,16,0,0
110,1,"c5.xlarge",1,4,8,0.332786776300074,0
110,2,"c5.xlarge",1,4,8,0,0
110,4,"c5.xlarge",1,4,8,0.332786776300074,0
110,7,"c5.xlarge",1,4,8,0.332786776300074,0
110,8,"c5.xlarge",1,4,8,0,0
110,9,"c5.xlarge",1,4,8,0,0
110,10,"c5.xlarge",1,4,8,0.332786776300074,0
110,3,"m5.xlarge",1,4,16,0,0
110,5,"m5.xlarge",1,4,16,0.332786776300074,0
110,6,"m5.xlarge",1,4,16,0.332786776300074,0
111,1,"c5.xlarge",1,4,8,0,0
111,2,"c5.xlarge",1,4,8,0,0
111,4,"c5.xlarge",1,4,8,0,0
111,7,"c5.xlarge",1,4,8,0,0
111,8,"c5.xlarge",1,4,8,0,0
111,9,"c5.xlarge",1,4,8,0,0
111,10,"c5.xlarge",1,4,8,0,0
111,3,"m5.xlarge",1,4,16,0,0
111,5,"m5.xlarge",1,4,16,0,0
111,6,"m5.xlarge",1,4,16,0,0
112,1,"c5.xlarge",1,4,8,0,0
112,2,"c5.xlarge",1,4,8,0,0
112,4,"c5.xlarge",1,4,8,0,0
112,7,"c5.xlarge",1,4,8,0,0
112,8,"c5.xlarge",1,4,8,0,0
112,9,"c5.xlarge",1,4,8,0,0
112,10,"c5.xlarge",1,4,8,0,0
112,3,"m5.xlarge",1,4,16,0,0
112,5,"m5.xlarge",1,4,16,0,0
112,6,"m5.xlarge",1,4,16,0,0
113,1,"c5.xlarge",1,4,8,0,0
113,2,"c5.xlarge",1,4,8,0,0
113,4,"c5.xlarge",1,4,8,0,0
113,7,"c5.xlarge",1,4,8,0,0
113,8,"c5.xlarge",1,4,8,0,0
113,9,"c5.xlarge",1,4,8,0,0
113,10,"c5.xlarge",1,4,8,0,0
113,3,"m5.xlarge",1,4,16,0,0
113,5,"m5.xlarge",1,4,16,0,0
113,6,"m5.xlarge",1,4,16,0,0
114,1,"c5.xlarge",1,4,8,0,0
114,2,"c5.xlarge",1,4,8,0,0
114,4,"c5.xlarge",1,4,8,0,0
114,7,"c5.xlarge",1,4,8,0,0
114,8,"c5.xlarge",1,4,8,0,0
114,9,"c5.xlarge",1,4,8,0,0
114,10,"c5.xlarge",1,4,8,0,0
114,3,"m5.xlarge",1,4,16,0,0
114,5,"m5.xlarge",1,4,16,0,0
114,6,"m5.xlarge",1,4,16,0,0
115,1,"c5.xlarge",1,4,8,0,0
115,2,"c5.xlarge",1,4,8,0,0
115,4,"c5.xlarge",1,4,8,0,0
115,7,"c5.xlarge",1,4,8,0,0
115,8,"c5.xlarge",1,4,8,0,0
115,9,"c5.xlarge",1,4,8,0,0
115,10,"c5.xlarge",1,4,8,0,0
115,3,"m5.xlarge",1,4,16,0,0
115,5,"m5.xlarge",1,4,16,0,0
115,6,"m5.xlarge",1,4,16,0,0
116,1,"c5.xlarge",1,4,8,0,0
116,2,"c5.xlarge",1,4,8,0,0
116,4,"c5.xlarge",1,4,8,0,0
116,7,"c5.xlarge",1,4,8,0,0
116,8,"c5.xlarge",1,4,8,0,0
116,9,"c5.xlarge",1,4,8,0,0
116,10,"c5.xlarge",1,4,8,0,0
116,3,"m5.xlarge",1,4,16,0,0
116,5,"m5.xlarge",1,4,16,0,0
116,6,"m5.xlarge",1,4,16,0,0
117,1,"c5.xlarge",1,4,8,0,0
117,2,"c5.xlarge",1,4,8,0,0
117,4,"c5.xlarge",1,4,8,0,0
117,7,"c5.xlarge",1,4,8,0,0
117,8,"c5.xlarge",1,4,8,0,0
117,9,"c5.xlarge",1,4,8,0,0
117,10,"c5.xlarge",1,4,8,0,0
117,3,"m5.xlarge",1,4,16,0,0
117,5,"m5.xlarge",1,4,16,0,0
117,6,"m5.xlarge",1,4,16,0,0
118,1,"c5.xlarge",1,4,8,0,0
118,2,"c5.xlarge",1,4,8,0,0
118,4,"c5.xlarge",1,4,8,0,0
118,7,"c5.xlarge",1,4,8,0,0
118,8,"c5.xlarge",1,4,8,0,0
118,9,"c5.xlarge",1,4,8,0,0
118,10,"c5.xlarge",1,4,8,0,0
118,3,"m5.xlarge",1,4,16,0,0
118,5,"m5.xlarge",1,4,16,0,0
118,6,"m5.xlarge",1,4,16,0,0
119,1,"c5.xlarge",1,4,8,0,0
119,2,"c5.xlarge",1,4,8,0,0
119,4,"c5.xlarge",1,4,8,0,0
119,7,"c5.xlarge",1,4,8,0,0
119,8,"c5.xlarge",1,4,8,0,0
119,9,"c5.xlarge",1,4,8,0,0
119,10,"c5.xlarge",1,4,8,0,0
119,3,"m5.xlarge",1,4,16,0,0
119,5,"m5.xlarge",1,4,16,0,0
119,6,"m5.xlarge",1,4,16,0,0
120,1,"c5.xlarge",1,4,8,0,0
120,2,"c5.xlarge",1,4,8,0,0
120,4,"c5.xlarge",1,4,8,0,0
120,7,"c5.xlarge",1,4,8,0,0
120,8,"c5.xlarge",1,4,8,0,0
120,9,"c5.xlarge",1,4,8,0,0
120,10,"c5.xlarge",1,4,8,0,0
120,3,"m5.xlarge",1,4,16,0,0
120,5,"m5.xlarge",1,4,16,0,0
120,6,"m5.xlarge",1,4,16,0,0
121,1,"c5.xlarge",1,4,8,0,0
121,2,"c5.xlarge",1,4,8,0,0
121,4,"c5.xlarge",1,4,8,0,0
121,7,"c5.xlarge",1,4,8,0,0
121,8,"c5.xlarge",1,4,8,0,0
121,9,"c5.xlarge",1,4,8,0,0
121,10,"c5.xlarge",1,4,8,0,0
121,3,"m5.xlarge",1,4,16,0,0
121,5,"m5.xlarge",1,4,16,0,0
121,6,"m5.xlarge",1,4,16,0,0
122,1,"c5.xlarge",1,4,8,0,0
122,2,"c5.xlarge",1,4,8,0,0
122,4,"c5.xlarge",1,4,8,0,0
122,7,"c5.xlarge",1,4,8,0,0
122,8,"c5.xlarge",1,4,8,0,0
122,9,"c5.xlarge",1,4,8,0,0
122,10,"c5.xlarge",1,4,8,0,0
122,3,"m5.xlarge",1,4,16,0,0
122,5,"m5.xlarge",1,4,16,0,0
122,6,"m5.xlarge",1,4,16,0,0
123,1,"c5.xlarge",1,4,8,0,0
123,2,"c5.xlarge",1,4,8,0,0
123,4,"c5.xlarge",1,4,8,0,0
123,7,"c5.xlarge",1,4,8,0,0
123,8,"c5.xlarge",1,4,8,0,0
123,9,"c5.xlarge",1,4,8,0,0
123,10,"c5.xlarge",1,4,8,0,0
123,3,"m5.xlarge",1,4,16,0,0
123,5,"m5.xlarge",1,4,16,0,0
123,6,"m5.xlarge",1,4,16,0,0
124,1,"c5.xlarge",1,4,8,0,0
124,2,"c5.xlarge",1,4,8,0,0
124,4,"c5.xlarge",1,4,8,0,0
124,7,"c5.xlarge",1,4,8,0,0
124,8,"c5.xlarge",1,4,8,0,0
124,9,"c5.xlarge",1,4,8,0,0
124,10,"c5.xlarge",1,4,8,0,0
124,3,"m5.xlarge",1,4,16,0,0
124,5,"m5.xlarge",1,4,16,0,0
124,6,"m5.xlarge",1,4,16,0,0
125,1,"c5.xlarge",1,4,8,2.27238766995559,0.363183559940792
125,2,"c5.xlarge",1,4,8,0,10.1815917799704
125,4,"c5.xlarge",1,4,8,2.27238766995559,0.726367119881584
125,7,"c5.xlarge",1,4,8,2.27238766995559,0.363183559940792
125,8,"c5.xlarge",1,4,8,0,0.726367119881584
125,9,"c5.xlarge",1,4,8,0,0.726367119881584
125,10,"c5.xlarge",1,4,8,2.27238766995559,0.363183559940792
125,3,"m5.xlarge",1,4,16,0.181591779970396,0.363183559940792
125,5,"m5.xlarge",1,4,16,2.27238766995559,0.363183559940792
125,6,"m5.xlarge",1,4,16,2.27238766995559,0.363183559940792
126,1,"c5.xlarge",1,4,8,0,0
126,2,"c5.xlarge",1,4,8,0,0
126,4,"c5.xlarge",1,4,8,0,0
126,7,"c5.xlarge",1,4,8,0,0
126,8,"c5.xlarge",1,4,8,0,0
126,9,"c5.xlarge",1,4,8,0,0
126,10,"c5.xlarge",1,4,8,0,0
126,3,"m5.xlarge",1,4,16,0,0
126,5,"m5.xlarge",1,4,16,0,0
126,6,"m5.xlarge",1,4,16,0,0
127,1,"c5.xlarge",1,4,8,0,0
127,2,"c5.xlarge",1,4,8,0,0
127,4,"c5.xlarge",1,4,8,0,0
127,7,"c5.xlarge",1,4,8,0,0
127,8,"c5.xlarge",1,4,8,0,0
127,9,"c5.xlarge",1,4,8,0,0
127,10,"c5.xlarge",1,4,8,0,0
127,3,"m5.xlarge",1,4,16,0,0
127,5,"m5.xlarge",1,4,16,0,0
127,6,"m5.xlarge",1,4,16,0,0
128,1,"c5.xlarge",1,4,8,0,0
128,2,"c5.xlarge",1,4,8,0,0
128,4,"c5.xlarge",1,4,8,0,0
128,7,"c5.xlarge",1,4,8,0,0
128,8,"c5.xlarge",1,4,8,0,0
128,9,"c5.xlarge",1,4,8,0,0
128,10,"c5.xlarge",1,4,8,0,0
128,3,"m5.xlarge",1,4,16,0,0
128,5,"m5.xlarge",1,4,16,0,0
128,6,"m5.xlarge",1,4,16,0,0
129,1,"c5.xlarge",1,4,8,0,0
129,2,"c5.xlarge",1,4,8,0,0
129,4,"c5.xlarge",1,4,8,0,0
129,7,"c5.xlarge",1,4,8,0,0
129,8,"c5.xlarge",1,4,8,0,0
129,9,"c5.xlarge",1,4,8,0,0
129,10,"c5.xlarge",1,4,8,0,0
129,3,"m5.xlarge",1,4,16,0,0
129,5,"m5.xlarge",1,4,16,0,0
129,6,"m5.xlarge",1,4,16,0,0
130,1,"c5.xlarge",1,4,8,0,0
130,2,"c5.xlarge",1,4,8,0,0
130,4,"c5.xlarge",1,4,8,0,0
130,7,"c5.xlarge",1,4,8,0,0
130,8,"c5.xlarge",1,4,8,0,0
130,9,"c5.xlarge",1,4,8,0,0
130,10,"c5.xlarge",1,4,8,0,0
130,3,"m5.xlarge",1,4,16,0,0
130,5,"m5.xlarge",1,4,16,0,0
130,6,"m5.xlarge",1,4,16,0,0
131,1,"c5.xlarge",1,4,8,1.34644915942623,0
131,2,"c5.xlarge",1,4,8,0,0
131,4,"c5.xlarge",1,4,8,1.34644915942623,0
131,7,"c5.xlarge",1,4,8,1.34644915942623,0
131,8,"c5.xlarge",1,4,8,0,0
131,9,"c5.xlarge",1,4,8,0,0
131,10,"c5.xlarge",1,4,8,1.34644915942623,0
131,3,"m5.xlarge",1,4,16,0,0
131,5,"m5.xlarge",1,4,16,1.34644915942623,0
131,6,"m5.xlarge",1,4,16,1.34644915942623,0
132,1,"c5.xlarge",1,4,8,0,0
132,2,"c5.xlarge",1,4,8,0,0
132,4,"c5.xlarge",1,4,8,0,0
132,7,"c5.xlarge",1,4,8,0,0
132,8,"c5.xlarge",1,4,8,0,0
132,9,"c5.xlarge",1,4,8,0,0
132,10,"c5.xlarge",1,4,8,0,0
132,3,"m5.xlarge",1,4,16,0,0
132,5,"m5.xlarge",1,4,16,0,0
132,6,"m5.xlarge",1,4,16,0,0
133,1,"c5.xlarge",1,4,8,0,0
133,2,"c5.xlarge",1,4,8,0,0
133,4,"c5.xlarge",1,4,8,0,0
133,7,"c5.xlarge",1,4,8,0,0
133,8,"c5.xlarge",1,4,8,0,0
133,9,"c5.xlarge",1,4,8,0,0
133,10,"c5.xlarge",1,4,8,0,0
133,3,"m5.xlarge",1,4,16,0,0
133,5,"m5.xlarge",1,4,16,0,0
133,6,"m5.xlarge",1,4,16,0,0
134,1,"c5.xlarge",1,4,8,0,0
134,2,"c5.xlarge",1,4,8,0,0
134,4,"c5.xlarge",1,4,8,0,0
134,7,"c5.xlarge",1,4,8,0,0
134,8,"c5.xlarge",1,4,8,0,0
134,9,"c5.xlarge",1,4,8,0,0
134,10,"c5.xlarge",1,4,8,0,0
134,3,"m5.xlarge",1,4,16,0,0
134,5,"m5.xlarge",1,4,16,0,0
134,6,"m5.xlarge",1,4,16,0,0
135,1,"c5.xlarge",1,4,8,0,0
135,2,"c5.xlarge",1,4,8,0,0
135,4,"c5.xlarge",1,4,8,0,0
135,7,"c5.xlarge",1,4,8,0,0
135,8,"c5.xlarge",1,4,8,0,0
135,9,"c5.xlarge",1,4,8,0,0
135,10,"c5.xlarge",1,4,8,0,0
135,3,"m5.xlarge",1,4,16,0,0
135,5,"m5.xlarge",1,4,16,0,0
135,6,"m5.xlarge",1,4,16,0,0
136,1,"c5.xlarge",1,4,8,0.716878160197802,0
136,2,"c5.xlarge",1,4,8,0,0
136,4,"c5.xlarge",1,4,8,0.716878160197802,0
136,7,"c5.xlarge",1,4,8,0.716878160197802,0
136,8,"c5.xlarge",1,4,8,0,0
136,9,"c5.xlarge",1,4,8,0,0
136,10,"c5.xlarge",1,4,8,0.716878160197802,0
136,3,"m5.xlarge",1,4,16,0,0
136,5,"m5.xlarge",1,4,16,0.716878160197802,0
136,6,"m5.xlarge",1,4,16,0.716878160197802,0
137,1,"c5.xlarge",1,4,8,0,0
137,2,"c5.xlarge",1,4,8,0,0
137,4,"c5.xlarge",1,4,8,0,0
137,7,"c5.xlarge",1,4,8,0,0
137,8,"c5.xlarge",1,4,8,0,0
137,9,"c5.xlarge",1,4,8,0,0
137,10,"c5.xlarge",1,4,8,0,0
137,3,"m5.xlarge",1,4,16,0,0
137,5,"m5.xlarge",1,4,16,0,0
137,6,"m5.xlarge",1,4,16,0,0
138,1,"c5.xlarge",1,4,8,0.0333257873143715,0
138,2,"c5.xlarge",1,4,8,0,0
138,4,"c5.xlarge",1,4,8,0.0333257873143715,0
138,7,"c5.xlarge",1,4,8,0.0333257873143715,0
138,8,"c5.xlarge",1,4,8,0,0
138,9,"c5.xlarge",1,4,8,0,0
138,10,"c5.xlarge",1,4,8,0.0333257873143715,0
138,3,"m5.xlarge",1,4,16,0,0
138,5,"m5.xlarge",1,4,16,0.0333257873143715,0
138,6,"m5.xlarge",1,4,16,0.0333257873143715,0
139,1,"c5.xlarge",1,4,8,2.43823037815634,0.584307170875118
139,2,"c5.xlarge",1,4,8,0,10.2921535854376
139,4,"c5.xlarge",1,4,8,2.43823037815634,1.16861434175024
139,7,"c5.xlarge",1,4,8,2.43823037815634,0.584307170875118
139,8,"c5.xlarge",1,4,8,0,1.16861434175024
139,9,"c5.xlarge",1,4,8,0,1.16861434175024
139,10,"c5.xlarge",1,4,8,2.43823037815634,0.584307170875118
139,3,"m5.xlarge",1,4,16,0.292153585437559,0.584307170875118
139,5,"m5.xlarge",1,4,16,2.43823037815634,0.584307170875118
139,6,"m5.xlarge",1,4,16,2.43823037815634,0.584307170875118
140,1,"c5.xlarge",1,4,8,0,0
140,2,"c5.xlarge",1,4,8,0,0
140,4,"c5.xlarge",1,4,8,0,0
140,7,"c5.xlarge",1,4,8,0,0
140,8,"c5.xlarge",1,4,8,0,0
140,9,"c5.xlarge",1,4,8,0,0
140,10,"c5.xlarge",1,4,8,0,0
140,3,"m5.xlarge",1,4,16,0,0
140,5,"m5.xlarge",1,4,16,0,0
140,6,"m5.xlarge",1,4,16,0,0
141,1,"c5.xlarge",1,4,8,0,0
141,2,"c5.xlarge",1,4,8,0,0
141,4,"c5.xlarge",1,4,8,0,0
141,7,"c5.xlarge",1,4,8,0,0
141,8,"c5.xlarge",1,4,8,0,0
141,9,"c5.xlarge",1,4,8,0,0
141,10,"c5.xlarge",1,4,8,0,0
141,3,"m5.xlarge",1,4,16,0,0
141,5,"m5.xlarge",1,4,16,0,0
141,6,"m5.xlarge",1,4,16,0,0
142,1,"c5.xlarge",1,4,8,0,0
142,2,"c5.xlarge",1,4,8,0,0
142,4,"c5.xlarge",1,4,8,0,0
142,7,"c5.xlarge",1,4,8,0,0
142,8,"c5.xlarge",1,4,8,0,0
142,9,"c5.xlarge",1,4,8,0,0
142,10,"c5.xlarge",1,4,8,0,0
142,3,"m5.xlarge",1,4,16,0,0
142,5,"m5.xlarge",1,4,16,0,0
142,6,"m5.xlarge",1,4,16,0,0
143,1,"c5.xlarge",1,4,8,0,0
143,2,"c5.xlarge",1,4,8,0,0
143,4,"c5.xlarge",1,4,8,0,0
143,7,"c5.xlarge",1,4,8,0,0
143,8,"c5.xlarge",1,4,8,0,0
143,9,"c5.xlarge",1,4,8,0,0
143,10,"c5.xlarge",1,4,8,0,0
143,3,"m5.xlarge",1,4,16,0,0
143,5,"m5.xlarge",1,4,16,0,0
143,6,"m5.xlarge",1,4,16,0,0
144,1,"c5.xlarge",1,4,8,0,0
144,2,"c5.xlarge",1,4,8,0,0
144,4,"c5.xlarge",1,4,8,0,0
144,7,"c5.xlarge",1,4,8,0,0
144,8,"c5.xlarge",1,4,8,0,0
144,9,"c5.xlarge",1,4,8,0,0
144,10,"c5.xlarge",1,4,8,0,0
144,3,"m5.xlarge",1,4,16,0,0
144,5,"m5.xlarge",1,4,16,0,0
144,6,"m5.xlarge",1,4,16,0,0
145,1,"c5.xlarge",1,4,8,0,0
145,2,"c5.xlarge",1,4,8,0,0
145,4,"c5.xlarge",1,4,8,0,0
145,7,"c5.xlarge",1,4,8,0,0
145,8,"c5.xlarge",1,4,8,0,0
145,9,"c5.xlarge",1,4,8,0,0
145,10,"c5.xlarge",1,4,8,0,0
145,3,"m5.xlarge",1,4,16,0,0
145,5,"m5.xlarge",1,4,16,0,0
145,6,"m5.xlarge",1,4,16,0,0
146,1,"c5.xlarge",1,4,8,0,0
146,2,"c5.xlarge",1,4,8,0,0
146,4,"c5.xlarge",1,4,8,0,0
146,7,"c5.xlarge",1,4,8,0,0
146,8,"c5.xlarge",1,4,8,0,0
146,9,"c5.xlarge",1,4,8,0,0
146,10,"c5.xlarge",1,4,8,0,0
146,3,"m5.xlarge",1,4,16,0,0
146,5,"m5.xlarge",1,4,16,0,0
146,6,"m5.xlarge",1,4,16,0,0
147,1,"c5.xlarge",1,4,8,0,0
147,2,"c5.xlarge",1,4,8,0,0
147,4,"c5.xlarge",1,4,8,0,0
147,7,"c5.xlarge",1,4,8,0,0
147,8,"c5.xlarge",1,4,8,0,0
147,9,"c5.xlarge",1,4,8,0,0
147,10,"c5.xlarge",1,4,8,0,0
147,3,"m5.xlarge",1,4,16,0,0
147,5,"m5.xlarge",1,4,16,0,0
147,6,"m5.xlarge",1,4,16,0,0
148,1,"c5.xlarge",1,4,8,0,0
148,2,"c5.xlarge",1,4,8,0,0
148,4,"c5.xlarge",1,4,8,0,0
148,7,"c5.xlarge",1,4,8,0,0
148,8,"c5.xlarge",1,4,8,0,0
148,9,"c5.xlarge",1,4,8,0,0
148,10,"c5.xlarge",1,4,8,0,0
148,3,"m5.xlarge",1,4,16,0,0
148,5,"m5.xlarge",1,4,16,0,0
148,6,"m5.xlarge",1,4,16,0,0
149,1,"c5.xlarge",1,4,8,2.94940375242447,1.26587166989929
149,2,"c5.xlarge",1,4,8,0,0
149,4,"c5.xlarge",1,4,8,2.94940375242447,13.1646791747482
149,7,"c5.xlarge",1,4,8,2.94940375242447,1.26587166989929
149,8,"c5.xlarge",1,4,8,0,2.53174333979857
149,9,"c5.xlarge",1,4,8,0,2.53174333979857
149,10,"c5.xlarge",1,4,8,2.94940375242447,1.26587166989929
149,3,"m5.xlarge",1,4,16,0.632935834949643,1.26587166989929
149,5,"m5.xlarge",1,4,16,2.94940375242447,1.26587166989929
149,6,"m5.xlarge",1,4,16,2.94940375242447,1.26587166989929
150,1,"c5.xlarge",1,4,8,0,0
150,2,"c5.xlarge",1,4,8,0,0
150,4,"c5.xlarge",1,4,8,0,0
150,7,"c5.xlarge",1,4,8,0,0
150,8,"c5.xlarge",1,4,8,0,0
150,9,"c5.xlarge",1,4,8,0,0
150,10,"c5.xlarge",1,4,8,0,0
150,3,"m5.xlarge",1,4,16,0,0
150,5,"m5.xlarge",1,4,16,0,0
150,6,"m5.xlarge",1,4,16,0,0
151,1,"c5.xlarge",1,4,8,0.111170691204672,0
151,2,"c5.xlarge",1,4,8,0,0
151,4,"c5.xlarge",1,4,8,0.111170691204672,0
151,7,"c5.xlarge",1,4,8,0.111170691204672,0
151,8,"c5.xlarge",1,4,8,0,0
151,9,"c5.xlarge",1,4,8,0,0
151,10,"c5.xlarge",1,4,8,0.111170691204672,0
151,3,"m5.xlarge",1,4,16,0,0
151,5,"m5.xlarge",1,4,16,0.111170691204672,0
151,6,"m5.xlarge",1,4,16,0.111170691204672,0
152,1,"c5.xlarge",1,4,8,0.0805393979943245,0
152,2,"c5.xlarge",1,4,8,0,0
152,4,"c5.xlarge",1,4,8,0.0805393979943245,0
152,7,"c5.xlarge",1,4,8,0.0805393979943245,0
152,8,"c5.xlarge",1,4,8,0,0
152,9,"c5.xlarge",1,4,8,0,0
152,10,"c5.xlarge",1,4,8,0.0805393979943245,0
152,3,"m5.xlarge",1,4,16,0,0
152,5,"m5.xlarge",1,4,16,0.0805393979943245,0
152,6,"m5.xlarge",1,4,16,0.0805393979943245,0
153,1,"c5.xlarge",1,4,8,0,0
153,2,"c5.xlarge",1,4,8,0,0
153,4,"c5.xlarge",1,4,8,0,0
153,7,"c5.xlarge",1,4,8,0,0
153,8,"c5.xlarge",1,4,8,0,0
153,9,"c5.xlarge",1,4,8,0,0
153,10,"c5.xlarge",1,4,8,0,0
153,3,"m5.xlarge",1,4,16,0,0
153,5,"m5.xlarge",1,4,16,0,0
153,6,"m5.xlarge",1,4,16,0,0
154,1,"c5.xlarge",1,4,8,0,0
154,2,"c5.xlarge",1,4,8,0,0
154,4,"c5.xlarge",1,4,8,0,0
154,7,"c5.xlarge",1,4,8,0,0
154,8,"c5.xlarge",1,4,8,0,0
154,9,"c5.xlarge",1,4,8,0,0
154,10,"c5.xlarge",1,4,8,0,0
154,3,"m5.xlarge",1,4,16,0,0
154,5,"m5.xlarge",1,4,16,0,0
154,6,"m5.xlarge",1,4,16,0,0
155,1,"c5.xlarge",1,4,8,0,0
155,2,"c5.xlarge",1,4,8,0,0
155,4,"c5.xlarge",1,4,8,0,0
155,7,"c5.xlarge",1,4,8,0,0
155,8,"c5.xlarge",1,4,8,0,0
155,9,"c5.xlarge",1,4,8,0,0
155,10,"c5.xlarge",1,4,8,0,0
155,3,"m5.xlarge",1,4,16,0,0
155,5,"m5.xlarge",1,4,16,0,0
155,6,"m5.xlarge",1,4,16,0,0
156,1,"c5.xlarge",1,4,8,0,0
156,2,"c5.xlarge",1,4,8,0,0
156,4,"c5.xlarge",1,4,8,0,0
156,7,"c5.xlarge",1,4,8,0,0
156,8,"c5.xlarge",1,4,8,0,0
156,9,"c5.xlarge",1,4,8,0,0
156,10,"c5.xlarge",1,4,8,0,0
156,3,"m5.xlarge",1,4,16,0,0
156,5,"m5.xlarge",1,4,16,0,0
156,6,"m5.xlarge",1,4,16,0,0
157,1,"c5.xlarge",1,4,8,0,0
157,2,"c5.xlarge",1,4,8,0,0
157,4,"c5.xlarge",1,4,8,0,0
157,7,"c5.xlarge",1,4,8,0,0
157,8,"c5.xlarge",1,4,8,0,0
157,9,"c5.xlarge",1,4,8,0,0
157,10,"c5.xlarge",1,4,8,0,0
157,3,"m5.xlarge",1,4,16,0,0
157,5,"m5.xlarge",1,4,16,0,0
157,6,"m5.xlarge",1,4,16,0,0
158,1,"c5.xlarge",1,4,8,0,0
158,2,"c5.xlarge",1,4,8,0,0
158,4,"c5.xlarge",1,4,8,0,0
158,7,"c5.xlarge",1,4,8,0,0
158,8,"c5.xlarge",1,4,8,0,0
158,9,"c5.xlarge",1,4,8,0,0
158,10,"c5.xlarge",1,4,8,0,0
158,3,"m5.xlarge",1,4,16,0,0
158,5,"m5.xlarge",1,4,16,0,0
158,6,"m5.xlarge",1,4,16,0,0
159,1,"c5.xlarge",1,4,8,0.434441347509058,0
159,2,"c5.xlarge",1,4,8,0,0
159,4,"c5.xlarge",1,4,8,0.434441347509058,0
159,7,"c5.xlarge",1,4,8,0.434441347509058,0
159,8,"c5.xlarge",1,4,8,0,0
159,9,"c5.xlarge",1,4,8,0,0
159,10,"c5.xlarge",1,4,8,0.434441347509058,0
159,3,"m5.xlarge",1,4,16,0,0
159,5,"m5.xlarge",1,4,16,0.434441347509058,0
159,6,"m5.xlarge",1,4,16,0.434441347509058,0
160,1,"c5.xlarge",1,4,8,0,0
160,2,"c5.xlarge",1,4,8,0,0
160,4,"c5.xlarge",1,4,8,0,0
160,7,"c5.xlarge",1,4,8,0,0
160,8,"c5.xlarge",1,4,8,0,0
160,9,"c5.xlarge",1,4,8,0,0
160,10,"c5.xlarge",1,4,8,0,0
160,3,"m5.xlarge",1,4,16,0,0
160,5,"m5.xlarge",1,4,16,0,0
160,6,"m5.xlarge",1,4,16,0,0
161,1,"c5.xlarge",1,4,8,0.570839448959775,0
161,2,"c5.xlarge",1,4,8,0,0
161,4,"c5.xlarge",1,4,8,0.570839448959775,0
161,7,"c5.xlarge",1,4,8,0.570839448959775,0
161,8,"c5.xlarge",1,4,8,0,0
161,9,"c5.xlarge",1,4,8,0,0
161,10,"c5.xlarge",1,4,8,0.570839448959775,0
161,3,"m5.xlarge",1,4,16,0,0
161,5,"m5.xlarge",1,4,16,0.570839448959775,0
161,6,"m5.xlarge",1,4,16,0.570839448959775,0
162,1,"c5.xlarge",1,4,8,0,0
162,2,"c5.xlarge",1,4,8,0,0
162,4,"c5.xlarge",1,4,8,0,0
162,7,"c5.xlarge",1,4,8,0,0
162,8,"c5.xlarge",1,4,8,0,0
162,9,"c5.xlarge",1,4,8,0,0
162,10,"c5.xlarge",1,4,8,0,0
162,3,"m5.xlarge",1,4,16,0,0
162,5,"m5.xlarge",1,4,16,0,0
162,6,"m5.xlarge",1,4,16,0,0
163,1,"c5.xlarge",1,4,8,0,0
163,2,"c5.xlarge",1,4,8,0,0
163,4,"c5.xlarge",1,4,8,0,0
163,7,"c5.xlarge",1,4,8,0,0
163,8,"c5.xlarge",1,4,8,0,0
163,9,"c5.xlarge",1,4,8,0,0
163,10,"c5.xlarge",1,4,8,0,0
163,3,"m5.xlarge",1,4,16,0,0
163,5,"m5.xlarge",1,4,16,0,0
163,6,"m5.xlarge",1,4,16,0,0
164,1,"c5.xlarge",1,4,8,6.96850805374985,19.9370161074997
164,2,"c5.xlarge",1,4,8,0,0
164,4,"c5.xlarge",1,4,8,6.96850805374985,13.2493548099996
164,7,"c5.xlarge",1,4,8,6.96850805374985,6.6246774049998
164,8,"c5.xlarge",1,4,8,0,13.2493548099996
164,9,"c5.xlarge",1,4,8,0,13.2493548099996
164,10,"c5.xlarge",1,4,8,6.96850805374985,6.6246774049998
164,3,"m5.xlarge",1,4,16,3.3123387024999,6.6246774049998
164,5,"m5.xlarge",1,4,16,6.96850805374985,6.6246774049998
164,6,"m5.xlarge",1,4,16,6.96850805374985,6.6246774049998
165,1,"c5.xlarge",1,4,8,0,0
165,2,"c5.xlarge",1,4,8,0,0
165,4,"c5.xlarge",1,4,8,0,0
165,7,"c5.xlarge",1,4,8,0,0
165,8,"c5.xlarge",1,4,8,0,0
165,9,"c5.xlarge",1,4,8,0,0
165,10,"c5.xlarge",1,4,8,0,0
165,3,"m5.xlarge",1,4,16,0,0
165,5,"m5.xlarge",1,4,16,0,0
165,6,"m5.xlarge",1,4,16,0,0
166,1,"c5.xlarge",1,4,8,0,0
166,2,"c5.xlarge",1,4,8,0,0
166,4,"c5.xlarge",1,4,8,0,0
166,7,"c5.xlarge",1,4,8,0,0
166,8,"c5.xlarge",1,4,8,0,0
166,9,"c5.xlarge",1,4,8,0,0
166,10,"c5.xlarge",1,4,8,0,0
166,3,"m5.xlarge",1,4,16,0,0
166,5,"m5.xlarge",1,4,16,0,0
166,6,"m5.xlarge",1,4,16,0,0
167,1,"c5.xlarge",1,4,8,0,0
167,2,"c5.xlarge",1,4,8,0,0
167,4,"c5.xlarge",1,4,8,0,0
167,7,"c5.xlarge",1,4,8,0,0
167,8,"c5.xlarge",1,4,8,0,0
167,9,"c5.xlarge",1,4,8,0,0
167,10,"c5.xlarge",1,4,8,0,0
167,3,"m5.xlarge",1,4,16,0,0
167,5,"m5.xlarge",1,4,16,0,0
167,6,"m5.xlarge",1,4,16,0,0
168,1,"c5.xlarge",1,4,8,0,0
168,2,"c5.xlarge",1,4,8,0,0
168,4,"c5.xlarge",1,4,8,0,0
168,7,"c5.xlarge",1,4,8,0,0
168,8,"c5.xlarge",1,4,8,0,0
168,9,"c5.xlarge",1,4,8,0,0
168,10,"c5.xlarge",1,4,8,0,0
168,3,"m5.xlarge",1,4,16,0,0
168,5,"m5.xlarge",1,4,16,0,0
168,6,"m5.xlarge",1,4,16,0,0
169,1,"c5.xlarge",1,4,8,0,0
169,2,"c5.xlarge",1,4,8,0,0
169,4,"c5.xlarge",1,4,8,0,0
169,7,"c5.xlarge",1,4,8,0,0
169,8,"c5.xlarge",1,4,8,0,0
169,9,"c5.xlarge",1,4,8,0,0
169,10,"c5.xlarge",1,4,8,0,0
169,3,"m5.xlarge",1,4,16,0,0
169,5,"m5.xlarge",1,4,16,0,0
169,6,"m5.xlarge",1,4,16,0,0
170,1,"c5.xlarge",1,4,8,0,0
170,2,"c5.xlarge",1,4,8,0,0
170,4,"c5.xlarge",1,4,8,0,0
170,7,"c5.xlarge",1,4,8,0,0
170,8,"c5.xlarge",1,4,8,0,0
170,9,"c5.xlarge",1,4,8,0,0
170,10,"c5.xlarge",1,4,8,0,0
170,3,"m5.xlarge",1,4,16,0,0
170,5,"m5.xlarge",1,4,16,0,0
170,6,"m5.xlarge",1,4,16,0,0
171,1,"c5.xlarge",1,4,8,0,0
171,2,"c5.xlarge",1,4,8,0,0
171,4,"c5.xlarge",1,4,8,0,0
171,7,"c5.xlarge",1,4,8,0,0
171,8,"c5.xlarge",1,4,8,0,0
171,9,"c5.xlarge",1,4,8,0,0
171,10,"c5.xlarge",1,4,8,0,0
171,3,"m5.xlarge",1,4,16,0,0
171,5,"m5.xlarge",1,4,16,0,0
171,6,"m5.xlarge",1,4,16,0,0
172,1,"c5.xlarge",1,4,8,0,0
172,2,"c5.xlarge",1,4,8,0,0
172,4,"c5.xlarge",1,4,8,0,0
172,7,"c5.xlarge",1,4,8,0,0
172,8,"c5.xlarge",1,4,8,0,0
172,9,"c5.xlarge",1,4,8,0,0
172,10,"c5.xlarge",1,4,8,0,0
172,3,"m5.xlarge",1,4,16,0,0
172,5,"m5.xlarge",1,4,16,0,0
172,6,"m5.xlarge",1,4,16,0,0
173,1,"c5.xlarge",1,4,8,0,0
173,2,"c5.xlarge",1,4,8,0,0
173,4,"c5.xlarge",1,4,8,0,0
173,7,"c5.xlarge",1,4,8,0,0
173,8,"c5.xlarge",1,4,8,0,0
173,9,"c5.xlarge",1,4,8,0,0
173,10,"c5.xlarge",1,4,8,0,0
173,3,"m5.xlarge",1,4,16,0,0
173,5,"m5.xlarge",1,4,16,0,0
173,6,"m5.xlarge",1,4,16,0,0
174,1,"c5.xlarge",1,4,8,3.02863871925302,1.37151829233736
174,2,"c5.xlarge",1,4,8,0,10.6857591461687
174,4,"c5.xlarge",1,4,8,3.02863871925302,2.74303658467472
174,7,"c5.xlarge",1,4,8,3.02863871925302,1.37151829233736
174,8,"c5.xlarge",1,4,8,0,2.74303658467472
174,9,"c5.xlarge",1,4,8,0,2.74303658467472
174,10,"c5.xlarge",1,4,8,3.02863871925302,1.37151829233736
174,3,"m5.xlarge",1,4,16,0.685759146168681,1.37151829233736
174,5,"m5.xlarge",1,4,16,3.02863871925302,1.37151829233736
174,6,"m5.xlarge",1,4,16,3.02863871925302,1.37151829233736
175,1,"c5.xlarge",1,4,8,0,0
175,2,"c5.xlarge",1,4,8,0,0
175,4,"c5.xlarge",1,4,8,0,0
175,7,"c5.xlarge",1,4,8,0,0
175,8,"c5.xlarge",1,4,8,0,0
175,9,"c5.xlarge",1,4,8,0,0
175,10,"c5.xlarge",1,4,8,0,0
175,3,"m5.xlarge",1,4,16,0,0
175,5,"m5.xlarge",1,4,16,0,0
175,6,"m5.xlarge",1,4,16,0,0
176,1,"c5.xlarge",1,4,8,0,0
176,2,"c5.xlarge",1,4,8,0,0
176,4,"c5.xlarge",1,4,8,0,0
176,7,"c5.xlarge",1,4,8,0,0
176,8,"c5.xlarge",1,4,8,0,0
176,9,"c5.xlarge",1,4,8,0,0
176,10,"c5.xlarge",1,4,8,0,0
176,3,"m5.xlarge",1,4,16,0,0
176,5,"m5.xlarge",1,4,16,0,0
176,6,"m5.xlarge",1,4,16,0,0
177,1,"c5.xlarge",1,4,8,0,0
177,2,"c5.xlarge",1,4,8,0,0
177,4,"c5.xlarge",1,4,8,0,0
177,7,"c5.xlarge",1,4,8,0,0
177,8,"c5.xlarge",1,4,8,0,0
177,9,"c5.xlarge",1,4,8,0,0
177,10,"c5.xlarge",1,4,8,0,0
177,3,"m5.xlarge",1,4,16,0,0
177,5,"m5.xlarge",1,4,16,0,0
177,6,"m5.xlarge",1,4,16,0,0
178,1,"c5.xlarge",1,4,8,0,0
178,2,"c5.xlarge",1,4,8,0,0
178,4,"c5.xlarge",1,4,8,0,0
178,7,"c5.xlarge",1,4,8,0,0
178,8,"c5.xlarge",1,4,8,0,0
178,9,"c5.xlarge",1,4,8,0,0
178,10,"c5.xlarge",1,4,8,0,0
178,3,"m5.xlarge",1,4,16,0,0
178,5,"m5.xlarge",1,4,16,0,0
178,6,"m5.xlarge",1,4,16,0,0
179,1,"c5.xlarge",1,4,8,0,0
179,2,"c5.xlarge",1,4,8,0,0
179,4,"c5.xlarge",1,4,8,0,0
179,7,"c5.xlarge",1,4,8,0,0
179,8,"c5.xlarge",1,4,8,0,0
179,9,"c5.xlarge",1,4,8,0,0
179,10,"c5.xlarge",1,4,8,0,0
179,3,"m5.xlarge",1,4,16,0,0
179,5,"m5.xlarge",1,4,16,0,0
179,6,"m5.xlarge",1,4,16,0,0
180,1,"c5.xlarge",1,4,8,0,0
180,2,"c5.xlarge",1,4,8,0,0
180,4,"c5.xlarge",1,4,8,0,0
180,7,"c5.xlarge",1,4,8,0,0
180,8,"c5.xlarge",1,4,8,0,0
180,9,"c5.xlarge",1,4,8,0,0
180,10,"c5.xlarge",1,4,8,0,0
180,3,"m5.xlarge",1,4,16,0,0
180,5,"m5.xlarge",1,4,16,0,0
180,6,"m5.xlarge",1,4,16,0,0
181,1,"c5.xlarge",1,4,8,0,0
181,2,"c5.xlarge",1,4,8,0,0
181,4,"c5.xlarge",1,4,8,0,0
181,7,"c5.xlarge",1,4,8,0,0
181,8,"c5.xlarge",1,4,8,0,0
181,9,"c5.xlarge",1,4,8,0,0
181,10,"c5.xlarge",1,4,8,0,0
181,3,"m5.xlarge",1,4,16,0,0
181,5,"m5.xlarge",1,4,16,0,0
181,6,"m5.xlarge",1,4,16,0,0
182,1,"c5.xlarge",1,4,8,0.972319140326427,0
182,2,"c5.xlarge",1,4,8,0,0
182,4,"c5.xlarge",1,4,8,0.972319140326427,0
182,7,"c5.xlarge",1,4,8,0.972319140326427,0
182,8,"c5.xlarge",1,4,8,0,0
182,9,"c5.xlarge",1,4,8,0,0
182,10,"c5.xlarge",1,4,8,0.972319140326427,0
182,3,"m5.xlarge",1,4,16,0,0
182,5,"m5.xlarge",1,4,16,0.972319140326427,0
182,6,"m5.xlarge",1,4,16,0.972319140326427,0
183,1,"c5.xlarge",1,4,8,0,0
183,2,"c5.xlarge",1,4,8,0,0
183,4,"c5.xlarge",1,4,8,0,0
183,7,"c5.xlarge",1,4,8,0,0
183,8,"c5.xlarge",1,4,8,0,0
183,9,"c5.xlarge",1,4,8,0,0
183,10,"c5.xlarge",1,4,8,0,0
183,3,"m5.xlarge",1,4,16,0,0
183,5,"m5.xlarge",1,4,16,0,0
183,6,"m5.xlarge",1,4,16,0,0
184,1,"c5.xlarge",1,4,8,0,0
184,2,"c5.xlarge",1,4,8,0,0
184,4,"c5.xlarge",1,4,8,0,0
184,7,"c5.xlarge",1,4,8,0,0
184,8,"c5.xlarge",1,4,8,0,0
184,9,"c5.xlarge",1,4,8,0,0
184,10,"c5.xlarge",1,4,8,0,0
184,3,"m5.xlarge",1,4,16,0,0
184,5,"m5.xlarge",1,4,16,0,0
184,6,"m5.xlarge",1,4,16,0,0
185,1,"c5.xlarge",1,4,8,0,0
185,2,"c5.xlarge",1,4,8,0,0
185,4,"c5.xlarge",1,4,8,0,0
185,7,"c5.xlarge",1,4,8,0,0
185,8,"c5.xlarge",1,4,8,0,0
185,9,"c5.xlarge",1,4,8,0,0
185,10,"c5.xlarge",1,4,8,0,0
185,3,"m5.xlarge",1,4,16,0,0
185,5,"m5.xlarge",1,4,16,0,0
185,6,"m5.xlarge",1,4,16,0,0
186,1,"c5.xlarge",1,4,8,0,0
186,2,"c5.xlarge",1,4,8,0,0
186,4,"c5.xlarge",1,4,8,0,0
186,7,"c5.xlarge",1,4,8,0,0
186,8,"c5.xlarge",1,4,8,0,0
186,9,"c5.xlarge",1,4,8,0,0
186,10,"c5.xlarge",1,4,8,0,0
186,3,"m5.xlarge",1,4,16,0,0
186,5,"m5.xlarge",1,4,16,0,0
186,6,"m5.xlarge",1,4,16,0,0
187,1,"c5.xlarge",1,4,8,0.676642343888418,0
187,2,"c5.xlarge",1,4,8,0,0
187,4,"c5.xlarge",1,4,8,0.676642343888418,0
187,7,"c5.xlarge",1,4,8,0.676642343888418,0
187,8,"c5.xlarge",1,4,8,0,0
187,9,"c5.xlarge",1,4,8,0,0
187,10,"c5.xlarge",1,4,8,0.676642343888418,0
187,3,"m5.xlarge",1,4,16,0,0
187,5,"m5.xlarge",1,4,16,0.676642343888418,0
187,6,"m5.xlarge",1,4,16,0.676642343888418,0
188,1,"c5.xlarge",1,4,8,0,0
188,2,"c5.xlarge",1,4,8,0,0
188,4,"c5.xlarge",1,4,8,0,0
188,7,"c5.xlarge",1,4,8,0,0
188,8,"c5.xlarge",1,4,8,0,0
188,9,"c5.xlarge",1,4,8,0,0
188,10,"c5.xlarge",1,4,8,0,0
188,3,"m5.xlarge",1,4,16,0,0
188,5,"m5.xlarge",1,4,16,0,0
188,6,"m5.xlarge",1,4,16,0,0
189,1,"c5.xlarge",1,4,8,0.05614819456075,0
189,2,"c5.xlarge",1,4,8,0,0
189,4,"c5.xlarge",1,4,8,0.05614819456075,0
189,7,"c5.xlarge",1,4,8,0.05614819456075,0
189,8,"c5.xlarge",1,4,8,0,0
189,9,"c5.xlarge",1,4,8,0,0
189,10,"c5.xlarge",1,4,8,0.05614819456075,0
189,3,"m5.xlarge",1,4,16,0,0
189,5,"m5.xlarge",1,4,16,0.05614819456075,0
189,6,"m5.xlarge",1,4,16,0.05614819456075,0
190,1,"c5.xlarge",1,4,8,0,0
190,2,"c5.xlarge",1,4,8,0,0
190,4,"c5.xlarge",1,4,8,0,0
190,7,"c5.xlarge",1,4,8,0,0
190,8,"c5.xlarge",1,4,8,0,0
190,9,"c5.xlarge",1,4,8,0,0
190,10,"c5.xlarge",1,4,8,0,0
190,3,"m5.xlarge",1,4,16,0,0
190,5,"m5.xlarge",1,4,16,0,0
190,6,"m5.xlarge",1,4,16,0,0
191,1,"c5.xlarge",1,4,8,0,0
191,2,"c5.xlarge",1,4,8,0,0
191,4,"c5.xlarge",1,4,8,0,0
191,7,"c5.xlarge",1,4,8,0,0
191,8,"c5.xlarge",1,4,8,0,0
191,9,"c5.xlarge",1,4,8,0,0
191,10,"c5.xlarge",1,4,8,0,0
191,3,"m5.xlarge",1,4,16,0,0
191,5,"m5.xlarge",1,4,16,0,0
191,6,"m5.xlarge",1,4,16,0,0
192,1,"c5.xlarge",1,4,8,0,0
192,2,"c5.xlarge",1,4,8,0,0
192,4,"c5.xlarge",1,4,8,0,0
192,7,"c5.xlarge",1,4,8,0,0
192,8,"c5.xlarge",1,4,8,0,0
192,9,"c5.xlarge",1,4,8,0,0
192,10,"c5.xlarge",1,4,8,0,0
192,3,"m5.xlarge",1,4,16,0,0
192,5,"m5.xlarge",1,4,16,0,0
192,6,"m5.xlarge",1,4,16,0,0
193,1,"c5.xlarge",1,4,8,0,0
193,2,"c5.xlarge",1,4,8,0,0
193,4,"c5.xlarge",1,4,8,0,0
193,7,"c5.xlarge",1,4,8,0,0
193,8,"c5.xlarge",1,4,8,0,0
193,9,"c5.xlarge",1,4,8,0,0
193,10,"c5.xlarge",1,4,8,0,0
193,3,"m5.xlarge",1,4,16,0,0
193,5,"m5.xlarge",1,4,16,0,0
193,6,"m5.xlarge",1,4,16,0,0
194,1,"c5.xlarge",1,4,8,0,0
194,2,"c5.xlarge",1,4,8,0,0
194,4,"c5.xlarge",1,4,8,0,0
194,7,"c5.xlarge",1,4,8,0,0
194,8,"c5.xlarge",1,4,8,0,0
194,9,"c5.xlarge",1,4,8,0,0
194,10,"c5.xlarge",1,4,8,0,0
194,3,"m5.xlarge",1,4,16,0,0
194,5,"m5.xlarge",1,4,16,0,0
194,6,"m5.xlarge",1,4,16,0,0
195,1,"c5.xlarge",1,4,8,0,0
195,2,"c5.xlarge",1,4,8,0,0
195,4,"c5.xlarge",1,4,8,0,0
195,7,"c5.xlarge",1,4,8,0,0
195,8,"c5.xlarge",1,4,8,0,0
195,9,"c5.xlarge",1,4,8,0,0
195,10,"c5.xlarge",1,4,8,0,0
195,3,"m5.xlarge",1,4,16,0,0
195,5,"m5.xlarge",1,4,16,0,0
195,6,"m5.xlarge",1,4,16,0,0
196,1,"c5.xlarge",1,4,8,2.66918486002037,0.892246480027159
196,2,"c5.xlarge",1,4,8,0,10.4461232400136
196,4,"c5.xlarge",1,4,8,2.66918486002037,1.78449296005432
196,7,"c5.xlarge",1,4,8,2.66918486002037,0.892246480027159
196,8,"c5.xlarge",1,4,8,0,1.78449296005432
196,9,"c5.xlarge",1,4,8,0,1.78449296005432
196,10,"c5.xlarge",1,4,8,2.66918486002037,0.892246480027159
196,3,"m5.xlarge",1,4,16,0.44612324001358,0.892246480027159
196,5,"m5.xlarge",1,4,16,2.66918486002037,0.892246480027159
196,6,"m5.xlarge",1,4,16,2.66918486002037,0.892246480027159
197,1,"c5.xlarge",1,4,8,0,0
197,2,"c5.xlarge",1,4,8,0,0
197,4,"c5.xlarge",1,4,8,0,0
197,7,"c5.xlarge",1,4,8,0,0
197,8,"c5.xlarge",1,4,8,0,0
197,9,"c5.xlarge",1,4,8,0,0
197,10,"c5.xlarge",1,4,8,0,0
197,3,"m5.xlarge",1,4,16,0,0
197,5,"m5.xlarge",1,4,16,0,0
197,6,"m5.xlarge",1,4,16,0,0
198,1,"c5.xlarge",1,4,8,0,0
198,2,"c5.xlarge",1,4,8,0,0
198,4,"c5.xlarge",1,4,8,0,0
198,7,"c5.xlarge",1,4,8,0,0
198,8,"c5.xlarge",1,4,8,0,0
198,9,"c5.xlarge",1,4,8,0,0
198,10,"c5.xlarge",1,4,8,0,0
198,3,"m5.xlarge",1,4,16,0,0
198,5,"m5.xlarge",1,4,16,0,0
198,6,"m5.xlarge",1,4,16,0,0
199,1,"c5.xlarge",1,4,8,0,0
199,2,"c5.xlarge",1,4,8,0,0
199,4,"c5.xlarge",1,4,8,0,0
199,7,"c5.xlarge",1,4,8,0,0
199,8,"c5.xlarge",1,4,8,0,0
199,9,"c5.xlarge",1,4,8,0,0
199,10,"c5.xlarge",1,4,8,0,0
199,3,"m5.xlarge",1,4,16,0,0
199,5,"m5.xlarge",1,4,16,0,0
199,6,"m5.xlarge",1,4,16,0,0
200,1,"c5.xlarge",1,4,8,0,0
200,2,"c5.xlarge",1,4,8,0,0
200,4,"c5.xlarge",1,4,8,0,0
200,7,"c5.xlarge",1,4,8,0,0
200,8,"c5.xlarge",1,4,8,0,0
200,9,"c5.xlarge",1,4,8,0,0
200,10,"c5.xlarge",1,4,8,0,0
200,3,"m5.xlarge",1,4,16,0,0
200,5,"m5.xlarge",1,4,16,0,0
200,6,"m5.xlarge",1,4,16,0,0
